,season,team,wins,losses,ties,wp
0,1966,MIA,3,11,0.0,0.21428571428571427
1,1966,OAK,8,5,0.5,0.6071428571428571
2,1966,TEN,3,11,0.0,0.21428571428571427
3,1966,DEN,4,10,0.0,0.2857142857142857
4,1966,LAC,7,6,0.5,0.5357142857142857
5,1966,BUF,9,5,0.5,0.6333333333333333
6,1966,NYJ,6,6,1.0,0.5
7,1966,NE,8,4,1.0,0.6428571428571429
8,1966,GB,14,2,0.0,0.875
9,1966,IND,9,5,0.0,0.6428571428571429
10,1966,ATL,3,11,0.0,0.21428571428571427
11,1966,LAR,8,6,0.0,0.5714285714285714
12,1966,SF,6,6,1.0,0.5
13,1966,MIN,4,9,0.5,0.32142857142857145
14,1966,WSH,7,7,0.0,0.5
15,1966,CLE,9,5,0.0,0.6428571428571429
16,1966,ARI,8,5,0.5,0.6071428571428571
17,1966,PHI,9,5,0.0,0.6428571428571429
18,1966,PIT,5,8,0.5,0.39285714285714285
19,1966,NYG,1,12,0.5,0.10714285714285714
20,1966,KC,12,3,0.5,0.78125
21,1966,DET,4,9,0.5,0.32142857142857145
22,1966,CHI,5,7,1.0,0.42857142857142855
23,1966,DAL,10,4,0.5,0.7
24,1967,DEN,3,11,0.0,0.21428571428571427
25,1967,NE,3,10,0.5,0.25
26,1967,LAC,8,5,0.5,0.6071428571428571
27,1967,TEN,9,5,0.5,0.6333333333333333
28,1967,KC,9,5,0.0,0.6428571428571429
29,1967,BUF,4,10,0.0,0.2857142857142857
30,1967,NYJ,8,5,0.5,0.6071428571428571
31,1967,OAK,14,2,0.0,0.875
32,1967,PHI,6,7,0.5,0.4642857142857143
33,1967,WSH,5,6,1.5,0.4642857142857143
34,1967,MIA,4,10,0.0,0.2857142857142857
35,1967,CLE,9,6,0.0,0.6
36,1967,DAL,10,6,0.0,0.625
37,1967,NO,3,11,0.0,0.21428571428571427
38,1967,LAR,11,2,1.0,0.8
39,1967,MIN,3,8,1.5,0.32142857142857145
40,1967,SF,7,7,0.0,0.5
41,1967,GB,12,4,0.5,0.7352941176470589
42,1967,DET,5,7,1.0,0.42857142857142855
43,1967,ARI,6,7,0.5,0.4642857142857143
44,1967,NYG,7,7,0.0,0.5
45,1967,PIT,4,9,0.5,0.32142857142857145
46,1967,CHI,7,6,0.5,0.5357142857142857
47,1967,IND,11,1,1.0,0.8571428571428571
48,1967,ATL,1,12,0.5,0.10714285714285714
49,1968,LAC,9,5,0.0,0.6428571428571429
50,1968,CIN,3,11,0.0,0.21428571428571427
51,1968,BUF,1,12,0.5,0.10714285714285714
52,1968,NE,4,10,0.0,0.2857142857142857
53,1968,TEN,7,7,0.0,0.5
54,1968,KC,12,3,0.0,0.8
55,1968,MIN,8,7,0.0,0.5333333333333333
56,1968,ATL,2,12,0.0,0.14285714285714285
57,1968,MIA,5,8,0.5,0.39285714285714285
58,1968,CHI,7,7,0.0,0.5
59,1968,WSH,5,9,0.0,0.35714285714285715
60,1968,DEN,5,9,0.0,0.35714285714285715
61,1968,OAK,13,3,0.0,0.8125
62,1968,NO,4,9,0.5,0.32142857142857145
63,1968,CLE,11,5,0.0,0.6875
64,1968,IND,15,2,0.0,0.8823529411764706
65,1968,SF,7,6,0.5,0.5357142857142857
66,1968,DAL,12,3,0.0,0.8
67,1968,DET,4,8,1.0,0.35714285714285715
68,1968,PIT,2,11,0.5,0.17857142857142858
69,1968,NYG,7,7,0.0,0.5
70,1968,GB,6,7,0.5,0.4642857142857143
71,1968,PHI,2,12,0.0,0.14285714285714285
72,1968,NYJ,13,3,0.0,0.8125
73,1968,ARI,9,4,0.5,0.6785714285714286
74,1968,LAR,10,3,0.5,0.75
75,1969,LAC,8,6,0.0,0.5714285714285714
76,1969,KC,14,3,0.0,0.8235294117647058
77,1969,CIN,4,9,0.5,0.32142857142857145
78,1969,MIA,3,10,0.5,0.25
79,1969,OAK,13,2,0.5,0.84375
80,1969,TEN,6,7,1.0,0.4666666666666667
81,1969,DEN,5,8,0.5,0.39285714285714285
82,1969,NE,4,10,0.0,0.2857142857142857
83,1969,BUF,4,10,0.0,0.2857142857142857
84,1969,NYJ,10,5,0.0,0.6666666666666666
85,1969,DAL,11,3,0.5,0.7666666666666667
86,1969,ARI,4,9,0.5,0.32142857142857145
87,1969,IND,8,5,0.5,0.6071428571428571
88,1969,LAR,11,4,0.0,0.7333333333333333
89,1969,PHI,4,9,0.5,0.32142857142857145
90,1969,CLE,11,4,0.5,0.71875
91,1969,PIT,1,13,0.0,0.07142857142857142
92,1969,DET,9,4,0.5,0.6785714285714286
93,1969,NYG,6,8,0.0,0.42857142857142855
94,1969,MIN,14,3,0.0,0.8235294117647058
95,1969,GB,8,6,0.0,0.5714285714285714
96,1969,CHI,1,13,0.0,0.07142857142857142
97,1969,NO,5,9,0.0,0.35714285714285715
98,1969,WSH,7,5,1.0,0.5714285714285714
99,1969,ATL,6,8,0.0,0.42857142857142855
100,1969,SF,4,8,1.0,0.35714285714285715
101,1970,LAR,9,4,0.5,0.6785714285714286
102,1970,ARI,8,5,0.5,0.6071428571428571
103,1970,NYG,9,5,0.0,0.6428571428571429
104,1970,CHI,6,8,0.0,0.42857142857142855
105,1970,GB,6,8,0.0,0.42857142857142855
106,1970,DET,10,5,0.0,0.6666666666666666
107,1970,PHI,3,10,0.5,0.25
108,1970,DAL,12,5,0.0,0.7058823529411765
109,1970,LAC,5,6,1.5,0.4642857142857143
110,1970,IND,14,2,0.5,0.8529411764705882
111,1970,NE,2,12,0.0,0.14285714285714285
112,1970,MIA,10,5,0.0,0.6666666666666666
113,1970,BUF,3,10,0.5,0.25
114,1970,DEN,5,8,0.5,0.39285714285714285
115,1970,MIN,12,3,0.0,0.8
116,1970,KC,7,5,1.0,0.5714285714285714
117,1970,PIT,5,9,0.0,0.35714285714285715
118,1970,TEN,3,10,0.5,0.25
119,1970,NO,2,11,0.5,0.17857142857142858
120,1970,ATL,4,8,1.0,0.35714285714285715
121,1970,SF,11,4,0.5,0.71875
122,1970,WSH,6,8,0.0,0.42857142857142855
123,1970,CIN,8,7,0.0,0.5333333333333333
124,1970,OAK,9,5,1.0,0.625
125,1970,CLE,7,7,0.0,0.5
126,1970,NYJ,4,10,0.0,0.2857142857142857
127,1971,NO,4,8,1.0,0.35714285714285715
128,1971,LAR,8,5,0.5,0.6071428571428571
129,1971,ATL,7,6,0.5,0.5357142857142857
130,1971,SF,10,6,0.0,0.625
131,1971,CHI,6,8,0.0,0.42857142857142855
132,1971,PIT,6,8,0.0,0.42857142857142855
133,1971,DEN,4,9,0.5,0.32142857142857145
134,1971,MIA,12,4,0.5,0.7352941176470589
135,1971,IND,11,5,0.0,0.6875
136,1971,NYJ,6,8,0.0,0.42857142857142855
137,1971,CIN,4,10,0.0,0.2857142857142857
138,1971,PHI,6,7,0.5,0.4642857142857143
139,1971,BUF,1,13,0.0,0.07142857142857142
140,1971,DAL,14,3,0.0,0.8235294117647058
141,1971,NE,6,8,0.0,0.42857142857142855
142,1971,OAK,8,4,1.0,0.6428571428571429
143,1971,CLE,9,6,0.0,0.6
144,1971,TEN,4,9,0.5,0.32142857142857145
145,1971,ARI,4,9,0.5,0.32142857142857145
146,1971,WSH,9,5,0.5,0.6333333333333333
147,1971,GB,4,8,1.0,0.35714285714285715
148,1971,NYG,4,10,0.0,0.2857142857142857
149,1971,LAC,6,8,0.0,0.42857142857142855
150,1971,KC,10,4,0.5,0.7
151,1971,DET,7,6,0.5,0.5357142857142857
152,1971,MIN,11,4,0.0,0.7333333333333333
153,1972,IND,5,9,0.0,0.35714285714285715
154,1972,ARI,4,9,0.5,0.32142857142857145
155,1972,DET,8,5,0.5,0.6071428571428571
156,1972,NYG,8,6,0.0,0.5714285714285714
157,1972,CHI,4,9,0.5,0.32142857142857145
158,1972,ATL,7,7,0.0,0.5
159,1972,KC,8,6,0.0,0.5714285714285714
160,1972,MIA,17,0,0.0,1.0
161,1972,CLE,10,5,0.0,0.6666666666666666
162,1972,GB,10,5,0.0,0.6666666666666666
163,1972,DEN,5,9,0.0,0.35714285714285715
164,1972,TEN,1,13,0.0,0.07142857142857142
165,1972,SF,8,6,0.5,0.5666666666666667
166,1972,LAC,4,9,0.5,0.32142857142857145
167,1972,DAL,11,5,0.0,0.6875
168,1972,PHI,2,11,0.5,0.17857142857142858
169,1972,LAR,6,7,0.5,0.4642857142857143
170,1972,NO,2,11,0.5,0.17857142857142858
171,1972,PIT,12,4,0.0,0.75
172,1972,OAK,10,4,0.5,0.7
173,1972,NE,3,11,0.0,0.21428571428571427
174,1972,CIN,8,6,0.0,0.5714285714285714
175,1972,BUF,4,9,0.5,0.32142857142857145
176,1972,NYJ,7,7,0.0,0.5
177,1972,MIN,7,7,0.0,0.5
178,1972,WSH,13,4,0.0,0.7647058823529411
179,1973,CHI,3,11,0.0,0.21428571428571427
180,1973,DAL,11,5,0.0,0.6875
181,1973,CLE,7,5,1.0,0.5714285714285714
182,1973,IND,4,10,0.0,0.2857142857142857
183,1973,DEN,7,5,1.0,0.5714285714285714
184,1973,CIN,10,5,0.0,0.6666666666666666
185,1973,NO,5,9,0.0,0.35714285714285715
186,1973,ATL,9,5,0.0,0.6428571428571429
187,1973,MIA,15,2,0.0,0.8823529411764706
188,1973,SF,5,9,0.0,0.35714285714285715
189,1973,PHI,5,8,0.5,0.39285714285714285
190,1973,ARI,4,9,0.5,0.32142857142857145
191,1973,PIT,10,5,0.0,0.6666666666666666
192,1973,DET,6,7,0.5,0.4642857142857143
193,1973,NE,5,9,0.0,0.35714285714285715
194,1973,BUF,9,5,0.0,0.6428571428571429
195,1973,MIN,14,3,0.0,0.8235294117647058
196,1973,OAK,10,5,0.5,0.65625
197,1973,KC,7,5,1.0,0.5714285714285714
198,1973,LAR,12,3,0.0,0.8
199,1973,NYG,2,11,0.5,0.17857142857142858
200,1973,TEN,1,13,0.0,0.07142857142857142
201,1973,WSH,10,5,0.0,0.6666666666666666
202,1973,LAC,2,11,0.5,0.17857142857142858
203,1973,GB,5,7,1.0,0.42857142857142855
204,1973,NYJ,4,10,0.0,0.2857142857142857
205,1974,KC,5,9,0.0,0.35714285714285715
206,1974,NYJ,7,7,0.0,0.5
207,1974,GB,6,8,0.0,0.42857142857142855
208,1974,MIN,12,5,0.0,0.7058823529411765
209,1974,CIN,7,7,0.0,0.5
210,1974,CLE,4,10,0.0,0.2857142857142857
211,1974,ATL,3,11,0.0,0.21428571428571427
212,1974,DAL,8,6,0.0,0.5714285714285714
213,1974,NE,7,7,0.0,0.5
214,1974,MIA,11,4,0.0,0.7333333333333333
215,1974,CHI,4,10,0.0,0.2857142857142857
216,1974,DET,7,7,0.0,0.5
217,1974,NYG,2,12,0.0,0.14285714285714285
218,1974,WSH,10,5,0.0,0.6666666666666666
219,1974,ARI,10,5,0.0,0.6666666666666666
220,1974,PHI,7,7,0.0,0.5
221,1974,TEN,7,7,0.0,0.5
222,1974,LAC,5,9,0.0,0.35714285714285715
223,1974,DEN,7,6,0.5,0.5357142857142857
224,1974,LAR,11,5,0.0,0.6875
225,1974,PIT,13,3,0.5,0.7941176470588235
226,1974,IND,2,12,0.0,0.14285714285714285
227,1974,NO,5,9,0.0,0.35714285714285715
228,1974,SF,6,8,0.0,0.42857142857142855
229,1974,BUF,9,6,0.0,0.6
230,1974,OAK,13,3,0.0,0.8125
231,1975,BUF,8,6,0.0,0.5714285714285714
232,1975,NYJ,3,11,0.0,0.21428571428571427
233,1975,GB,4,10,0.0,0.2857142857142857
234,1975,DET,7,7,0.0,0.5
235,1975,MIN,12,3,0.0,0.8
236,1975,SF,5,9,0.0,0.35714285714285715
237,1975,CIN,11,4,0.0,0.7333333333333333
238,1975,CLE,3,11,0.0,0.21428571428571427
239,1975,PHI,4,10,0.0,0.2857142857142857
240,1975,NYG,5,9,0.0,0.35714285714285715
241,1975,DEN,6,8,0.0,0.42857142857142855
242,1975,KC,5,9,0.0,0.35714285714285715
243,1975,WSH,8,6,0.0,0.5714285714285714
244,1975,NO,2,12,0.0,0.14285714285714285
245,1975,DAL,12,5,0.0,0.7058823529411765
246,1975,LAR,13,3,0.0,0.8125
247,1975,LAC,2,12,0.0,0.14285714285714285
248,1975,PIT,15,2,0.0,0.8823529411764706
249,1975,ARI,11,4,0.0,0.7333333333333333
250,1975,ATL,4,10,0.0,0.2857142857142857
251,1975,CHI,4,10,0.0,0.2857142857142857
252,1975,IND,10,5,0.0,0.6666666666666666
253,1975,NE,3,11,0.0,0.21428571428571427
254,1975,TEN,10,4,0.0,0.7142857142857143
255,1975,MIA,10,4,0.0,0.7142857142857143
256,1975,OAK,12,4,0.0,0.75
257,1976,GB,5,9,0.0,0.35714285714285715
258,1976,SF,8,6,0.0,0.5714285714285714
259,1976,CLE,9,5,0.0,0.6428571428571429
260,1976,NYJ,3,11,0.0,0.21428571428571427
261,1976,CHI,7,7,0.0,0.5
262,1976,DET,6,8,0.0,0.42857142857142855
263,1976,OAK,16,1,0.0,0.9411764705882353
264,1976,PIT,11,5,0.0,0.6875
265,1976,NE,11,4,0.0,0.7333333333333333
266,1976,IND,11,4,0.0,0.7333333333333333
267,1976,KC,5,9,0.0,0.35714285714285715
268,1976,LAC,6,8,0.0,0.42857142857142855
269,1976,ATL,4,10,0.0,0.2857142857142857
270,1976,LAR,11,4,0.5,0.71875
271,1976,WSH,10,5,0.0,0.6666666666666666
272,1976,NYG,3,11,0.0,0.21428571428571427
273,1976,SEA,2,12,0.0,0.14285714285714285
274,1976,ARI,10,4,0.0,0.7142857142857143
275,1976,NO,4,10,0.0,0.2857142857142857
276,1976,MIN,13,3,0.5,0.7941176470588235
277,1976,DAL,11,4,0.0,0.7333333333333333
278,1976,PHI,4,10,0.0,0.2857142857142857
279,1976,CIN,10,4,0.0,0.7142857142857143
280,1976,DEN,9,5,0.0,0.6428571428571429
281,1976,TEN,5,9,0.0,0.35714285714285715
282,1976,TB,0,14,0.0,0.0
283,1976,BUF,2,12,0.0,0.14285714285714285
284,1976,MIA,6,8,0.0,0.42857142857142855
285,1977,CHI,9,6,0.0,0.6
286,1977,DET,6,8,0.0,0.42857142857142855
287,1977,PHI,5,9,0.0,0.35714285714285715
288,1977,TB,2,12,0.0,0.14285714285714285
289,1977,BUF,3,11,0.0,0.21428571428571427
290,1977,MIA,10,4,0.0,0.7142857142857143
291,1977,DEN,14,3,0.0,0.8235294117647058
292,1977,ARI,7,7,0.0,0.5
293,1977,MIN,10,6,0.0,0.625
294,1977,DAL,15,2,0.0,0.8823529411764706
295,1977,NE,9,5,0.0,0.6428571428571429
296,1977,KC,2,12,0.0,0.14285714285714285
297,1977,TEN,8,6,0.0,0.5714285714285714
298,1977,NYJ,3,11,0.0,0.21428571428571427
299,1977,ATL,7,7,0.0,0.5
300,1977,LAR,10,5,0.0,0.6666666666666666
301,1977,NYG,5,9,0.0,0.35714285714285715
302,1977,WSH,9,5,0.0,0.6428571428571429
303,1977,NO,3,11,0.0,0.21428571428571427
304,1977,GB,4,10,0.0,0.2857142857142857
305,1977,OAK,12,4,0.0,0.75
306,1977,LAC,7,7,0.0,0.5
307,1977,SEA,5,9,0.0,0.35714285714285715
308,1977,IND,10,5,0.0,0.6666666666666666
309,1977,CIN,8,6,0.0,0.5714285714285714
310,1977,CLE,6,8,0.0,0.42857142857142855
311,1977,PIT,9,6,0.0,0.6
312,1977,SF,5,9,0.0,0.35714285714285715
313,1978,TB,5,11,0.0,0.3125
314,1978,NYG,6,10,0.0,0.375
315,1978,BUF,5,11,0.0,0.3125
316,1978,PIT,17,2,0.0,0.8947368421052632
317,1978,CHI,7,9,0.0,0.4375
318,1978,ARI,6,10,0.0,0.375
319,1978,CLE,8,8,0.0,0.5
320,1978,SF,2,14,0.0,0.125
321,1978,DET,7,9,0.0,0.4375
322,1978,GB,8,7,0.5,0.53125
323,1978,NE,11,6,0.0,0.6470588235294118
324,1978,WSH,8,8,0.0,0.5
325,1978,SEA,9,7,0.0,0.5625
326,1978,LAC,9,7,0.0,0.5625
327,1978,NO,7,9,0.0,0.4375
328,1978,MIN,8,8,0.5,0.5
329,1978,PHI,9,8,0.0,0.5294117647058824
330,1978,LAR,13,5,0.0,0.7222222222222222
331,1978,ATL,10,8,0.0,0.5555555555555556
332,1978,TEN,12,7,0.0,0.631578947368421
333,1978,NYJ,8,8,0.0,0.5
334,1978,MIA,11,6,0.0,0.6470588235294118
335,1978,DEN,10,7,0.0,0.5882352941176471
336,1978,OAK,9,7,0.0,0.5625
337,1978,CIN,4,12,0.0,0.25
338,1978,KC,4,12,0.0,0.25
339,1978,DAL,14,5,0.0,0.7368421052631579
340,1978,IND,5,11,0.0,0.3125
341,1979,TB,11,7,0.0,0.6111111111111112
342,1979,DET,2,14,0.0,0.125
343,1979,PHI,12,6,0.0,0.6666666666666666
344,1979,NYG,6,10,0.0,0.375
345,1979,MIN,7,9,0.0,0.4375
346,1979,SF,2,14,0.0,0.125
347,1979,NYJ,8,8,0.0,0.5
348,1979,CLE,9,7,0.0,0.5625
349,1979,KC,7,9,0.0,0.4375
350,1979,IND,5,11,0.0,0.3125
351,1979,DEN,10,7,0.0,0.5882352941176471
352,1979,CIN,4,12,0.0,0.25
353,1979,CHI,10,7,0.0,0.5882352941176471
354,1979,GB,5,11,0.0,0.3125
355,1979,SEA,9,7,0.0,0.5625
356,1979,LAC,12,5,0.0,0.7058823529411765
357,1979,WSH,10,6,0.0,0.625
358,1979,TEN,13,6,0.0,0.6842105263157895
359,1979,LAR,11,8,0.0,0.5789473684210527
360,1979,OAK,9,7,0.0,0.5625
361,1979,NO,8,8,0.0,0.5
362,1979,ATL,6,10,0.0,0.375
363,1979,ARI,5,11,0.0,0.3125
364,1979,DAL,11,6,0.0,0.6470588235294118
365,1979,BUF,7,9,0.0,0.4375
366,1979,MIA,10,7,0.0,0.5882352941176471
367,1979,NE,9,7,0.0,0.5625
368,1979,PIT,15,4,0.0,0.7894736842105263
369,1980,CIN,6,10,0.0,0.375
370,1980,TB,5,10,0.5,0.34375
371,1980,MIN,9,8,0.0,0.5294117647058824
372,1980,ATL,12,5,0.0,0.7058823529411765
373,1980,KC,8,8,0.0,0.5
374,1980,OAK,15,5,0.0,0.75
375,1980,PHI,14,5,0.0,0.7368421052631579
376,1980,DEN,8,8,0.0,0.5
377,1980,NE,10,6,0.0,0.625
378,1980,CLE,11,6,0.0,0.6470588235294118
379,1980,ARI,5,11,0.0,0.3125
380,1980,NYG,4,12,0.0,0.25
381,1980,BUF,11,6,0.0,0.6470588235294118
382,1980,MIA,8,8,0.0,0.5
383,1980,LAR,11,6,0.0,0.6470588235294118
384,1980,DET,9,7,0.0,0.5625
385,1980,NO,1,15,0.0,0.0625
386,1980,SF,6,10,0.0,0.375
387,1980,SEA,4,12,0.0,0.25
388,1980,LAC,12,6,0.0,0.6666666666666666
389,1980,NYJ,4,12,0.0,0.25
390,1980,IND,7,9,0.0,0.4375
391,1980,GB,5,10,0.5,0.34375
392,1980,CHI,7,9,0.0,0.4375
393,1980,PIT,9,7,0.0,0.5625
394,1980,TEN,11,6,0.0,0.6470588235294118
395,1980,WSH,6,10,0.0,0.375
396,1980,DAL,14,5,0.0,0.7368421052631579
397,1981,TB,9,8,0.0,0.5294117647058824
398,1981,MIN,7,9,0.0,0.4375
399,1981,DEN,10,6,0.0,0.625
400,1981,OAK,7,9,0.0,0.4375
401,1981,NE,2,14,0.0,0.125
402,1981,IND,2,14,0.0,0.125
403,1981,NYG,10,8,0.0,0.5555555555555556
404,1981,PHI,10,7,0.0,0.5882352941176471
405,1981,LAR,6,10,0.0,0.375
406,1981,TEN,7,9,0.0,0.4375
407,1981,PIT,8,8,0.0,0.5
408,1981,KC,9,7,0.0,0.5625
409,1981,CIN,14,5,0.0,0.7368421052631579
410,1981,SEA,6,10,0.0,0.375
411,1981,WSH,8,8,0.0,0.5
412,1981,DAL,13,5,0.0,0.7222222222222222
413,1981,BUF,11,7,0.0,0.6111111111111112
414,1981,NYJ,10,6,0.5,0.6176470588235294
415,1981,ATL,7,9,0.0,0.4375
416,1981,NO,4,12,0.0,0.25
417,1981,CHI,6,10,0.0,0.375
418,1981,GB,8,8,0.0,0.5
419,1981,DET,8,8,0.0,0.5
420,1981,SF,16,3,0.0,0.8421052631578947
421,1981,ARI,7,9,0.0,0.4375
422,1981,MIA,11,5,0.5,0.6764705882352942
423,1981,CLE,5,11,0.0,0.3125
424,1981,LAC,11,7,0.0,0.6111111111111112
425,1982,DEN,2,7,0.0,0.2222222222222222
426,1982,LAC,7,4,0.0,0.6363636363636364
427,1982,CIN,7,3,0.0,0.7
428,1982,TEN,1,8,0.0,0.1111111111111111
429,1982,SEA,4,5,0.0,0.4444444444444444
430,1982,CLE,4,6,0.0,0.4
431,1982,PHI,3,6,0.0,0.3333333333333333
432,1982,WSH,12,1,0.0,0.9230769230769231
433,1982,GB,6,4,0.5,0.5909090909090909
434,1982,LAR,2,7,0.0,0.2222222222222222
435,1982,MIN,6,5,0.0,0.5454545454545454
436,1982,TB,5,5,0.0,0.5
437,1982,NO,4,5,0.0,0.4444444444444444
438,1982,ARI,5,5,0.0,0.5
439,1982,IND,0,8,0.5,0.05555555555555555
440,1982,NE,5,5,0.0,0.5
441,1982,NYJ,8,4,0.0,0.6666666666666666
442,1982,MIA,10,3,0.0,0.7692307692307693
443,1982,DET,4,6,0.0,0.4
444,1982,CHI,3,6,0.0,0.3333333333333333
445,1982,BUF,4,5,0.0,0.4444444444444444
446,1982,KC,3,6,0.0,0.3333333333333333
447,1982,NYG,4,5,0.0,0.4444444444444444
448,1982,ATL,5,5,0.0,0.5
449,1982,SF,3,6,0.0,0.3333333333333333
450,1982,OAK,9,2,0.0,0.8181818181818182
451,1982,DAL,8,4,0.0,0.6666666666666666
452,1982,PIT,6,4,0.0,0.6
453,1983,SF,11,7,0.0,0.6111111111111112
454,1983,PHI,5,11,0.0,0.3125
455,1983,LAC,6,10,0.0,0.375
456,1983,NYJ,7,9,0.0,0.4375
457,1983,CIN,7,9,0.0,0.4375
458,1983,OAK,15,4,0.0,0.7894736842105263
459,1983,BUF,8,8,0.0,0.5
460,1983,MIA,12,5,0.0,0.7058823529411765
461,1983,CHI,8,8,0.0,0.5
462,1983,ATL,7,9,0.0,0.4375
463,1983,CLE,9,7,0.0,0.5625
464,1983,MIN,8,8,0.0,0.5
465,1983,TB,2,14,0.0,0.125
466,1983,DET,9,8,0.0,0.5294117647058824
467,1983,NE,8,8,0.0,0.5
468,1983,IND,7,9,0.0,0.4375
469,1983,NO,8,8,0.0,0.5
470,1983,ARI,8,7,0.5,0.53125
471,1983,NYG,3,12,0.5,0.21875
472,1983,LAR,10,8,0.0,0.5555555555555556
473,1983,TEN,2,14,0.0,0.125
474,1983,GB,8,8,0.0,0.5
475,1983,KC,6,10,0.0,0.375
476,1983,SEA,11,8,0.0,0.5789473684210527
477,1983,PIT,10,7,0.0,0.5882352941176471
478,1983,DEN,9,8,0.0,0.5294117647058824
479,1983,WSH,16,3,0.0,0.8421052631578947
480,1983,DAL,12,5,0.0,0.7058823529411765
481,1984,BUF,2,14,0.0,0.125
482,1984,NE,9,7,0.0,0.5625
483,1984,PIT,10,8,0.0,0.5555555555555556
484,1984,KC,8,8,0.0,0.5
485,1984,NYG,10,8,0.0,0.5555555555555556
486,1984,PHI,6,9,0.5,0.40625
487,1984,NO,7,9,0.0,0.4375
488,1984,ATL,4,12,0.0,0.25
489,1984,WSH,11,6,0.0,0.6470588235294118
490,1984,MIA,16,3,0.0,0.8421052631578947
491,1984,CHI,11,7,0.0,0.6111111111111112
492,1984,TB,6,10,0.0,0.375
493,1984,GB,8,8,0.0,0.5
494,1984,ARI,9,7,0.0,0.5625
495,1984,DET,4,11,0.5,0.28125
496,1984,SF,18,1,0.0,0.9473684210526315
497,1984,IND,4,12,0.0,0.25
498,1984,NYJ,7,9,0.0,0.4375
499,1984,MIN,3,13,0.0,0.1875
500,1984,LAC,7,9,0.0,0.4375
501,1984,DEN,13,4,0.0,0.7647058823529411
502,1984,CIN,8,8,0.0,0.5
503,1984,TEN,3,13,0.0,0.1875
504,1984,OAK,11,6,0.0,0.6470588235294118
505,1984,LAR,10,7,0.0,0.5882352941176471
506,1984,DAL,9,7,0.0,0.5625
507,1984,SEA,13,5,0.0,0.7222222222222222
508,1984,CLE,5,11,0.0,0.3125
509,1985,NE,14,6,0.0,0.7
510,1985,GB,8,8,0.0,0.5
511,1985,LAR,12,6,0.0,0.6666666666666666
512,1985,DEN,11,5,0.0,0.6875
513,1985,CHI,18,1,0.0,0.9473684210526315
514,1985,TB,2,14,0.0,0.125
515,1985,CIN,7,9,0.0,0.4375
516,1985,SEA,8,8,0.0,0.5
517,1985,MIN,7,9,0.0,0.4375
518,1985,SF,10,7,0.0,0.5882352941176471
519,1985,NYG,11,7,0.0,0.6111111111111112
520,1985,PHI,7,9,0.0,0.4375
521,1985,PIT,7,9,0.0,0.4375
522,1985,IND,5,11,0.0,0.3125
523,1985,OAK,12,5,0.0,0.7058823529411765
524,1985,NYJ,11,6,0.0,0.6470588235294118
525,1985,TEN,5,11,0.0,0.3125
526,1985,MIA,13,5,0.0,0.7222222222222222
527,1985,NO,5,11,0.0,0.3125
528,1985,KC,6,10,0.0,0.375
529,1985,CLE,8,9,0.0,0.47058823529411764
530,1985,ARI,5,11,0.0,0.3125
531,1985,ATL,4,12,0.0,0.25
532,1985,DET,7,9,0.0,0.4375
533,1985,BUF,2,14,0.0,0.125
534,1985,LAC,8,8,0.0,0.5
535,1985,DAL,10,7,0.0,0.5882352941176471
536,1985,WSH,10,6,0.0,0.625
537,1986,DEN,13,6,0.0,0.6842105263157895
538,1986,OAK,8,8,0.0,0.5
539,1986,BUF,4,12,0.0,0.25
540,1986,NYJ,11,7,0.0,0.6111111111111112
541,1986,WSH,14,5,0.0,0.7368421052631579
542,1986,PHI,5,10,0.5,0.34375
543,1986,LAC,4,12,0.0,0.25
544,1986,MIA,8,8,0.0,0.5
545,1986,MIN,9,7,0.0,0.5625
546,1986,DET,5,11,0.0,0.3125
547,1986,NE,11,6,0.0,0.6470588235294118
548,1986,IND,3,13,0.0,0.1875
549,1986,CHI,14,3,0.0,0.8235294117647058
550,1986,CLE,13,5,0.0,0.7222222222222222
551,1986,TB,2,14,0.0,0.125
552,1986,SF,10,6,0.5,0.6176470588235294
553,1986,SEA,10,6,0.0,0.625
554,1986,PIT,6,10,0.0,0.375
555,1986,NO,7,9,0.0,0.4375
556,1986,ATL,7,8,0.5,0.46875
557,1986,KC,10,7,0.0,0.5882352941176471
558,1986,CIN,10,6,0.0,0.625
559,1986,GB,4,12,0.0,0.25
560,1986,TEN,5,11,0.0,0.3125
561,1986,ARI,4,11,0.5,0.28125
562,1986,LAR,10,7,0.0,0.5882352941176471
563,1986,DAL,7,9,0.0,0.4375
564,1986,NYG,17,2,0.0,0.8947368421052632
565,1987,DEN,12,5,0.5,0.6944444444444444
566,1987,SEA,9,7,0.0,0.5625
567,1987,NE,8,7,0.0,0.5333333333333333
568,1987,MIA,8,7,0.0,0.5333333333333333
569,1987,ARI,7,8,0.0,0.4666666666666667
570,1987,DAL,7,8,0.0,0.4666666666666667
571,1987,KC,4,11,0.0,0.26666666666666666
572,1987,LAC,8,7,0.0,0.5333333333333333
573,1987,TEN,10,7,0.0,0.5882352941176471
574,1987,LAR,6,9,0.0,0.4
575,1987,IND,9,7,0.0,0.5625
576,1987,CIN,4,11,0.0,0.26666666666666666
577,1987,PIT,8,7,0.0,0.5333333333333333
578,1987,SF,13,3,0.0,0.8125
579,1987,TB,4,11,0.0,0.26666666666666666
580,1987,ATL,3,12,0.0,0.2
581,1987,WSH,14,4,0.0,0.7777777777777778
582,1987,PHI,7,8,0.0,0.4666666666666667
583,1987,GB,5,9,0.5,0.36666666666666664
584,1987,OAK,5,10,0.0,0.3333333333333333
585,1987,MIN,10,8,0.0,0.5555555555555556
586,1987,DET,4,11,0.0,0.26666666666666666
587,1987,NO,12,4,0.0,0.75
588,1987,CLE,11,6,0.0,0.6470588235294118
589,1987,BUF,7,8,0.0,0.4666666666666667
590,1987,NYJ,6,9,0.0,0.4
591,1987,CHI,11,5,0.0,0.6875
592,1987,NYG,6,9,0.0,0.4
593,1988,TB,5,11,0.0,0.3125
594,1988,PHI,10,7,0.0,0.5882352941176471
595,1988,IND,9,7,0.0,0.5625
596,1988,TEN,11,7,0.0,0.6111111111111112
597,1988,NE,9,7,0.0,0.5625
598,1988,NYJ,8,7,0.5,0.53125
599,1988,KC,4,11,0.5,0.28125
600,1988,CLE,10,7,0.0,0.5882352941176471
601,1988,CIN,14,5,0.0,0.7368421052631579
602,1988,ARI,7,9,0.0,0.4375
603,1988,DET,4,12,0.0,0.25
604,1988,ATL,5,11,0.0,0.3125
605,1988,NO,10,6,0.0,0.625
606,1988,SF,13,6,0.0,0.6842105263157895
607,1988,OAK,7,9,0.0,0.4375
608,1988,LAC,6,10,0.0,0.375
609,1988,DEN,8,8,0.0,0.5
610,1988,SEA,9,8,0.0,0.5294117647058824
611,1988,BUF,13,5,0.0,0.7222222222222222
612,1988,MIN,12,6,0.0,0.6666666666666666
613,1988,GB,4,12,0.0,0.25
614,1988,LAR,10,7,0.0,0.5882352941176471
615,1988,PIT,5,11,0.0,0.3125
616,1988,DAL,3,13,0.0,0.1875
617,1988,CHI,13,5,0.0,0.7222222222222222
618,1988,MIA,6,10,0.0,0.375
619,1988,NYG,10,6,0.0,0.625
620,1988,WSH,7,9,0.0,0.4375
621,1989,MIN,10,7,0.0,0.5882352941176471
622,1989,TEN,9,8,0.0,0.5294117647058824
623,1989,GB,10,6,0.0,0.625
624,1989,TB,5,11,0.0,0.3125
625,1989,OAK,8,8,0.0,0.5
626,1989,LAC,6,10,0.0,0.375
627,1989,NO,9,7,0.0,0.5625
628,1989,DAL,1,15,0.0,0.0625
629,1989,IND,8,8,0.0,0.5
630,1989,SF,17,2,0.0,0.8947368421052632
631,1989,DET,7,9,0.0,0.4375
632,1989,ARI,5,11,0.0,0.3125
633,1989,ATL,3,13,0.0,0.1875
634,1989,LAR,13,6,0.0,0.6842105263157895
635,1989,DEN,13,6,0.0,0.6842105263157895
636,1989,KC,8,7,0.5,0.53125
637,1989,CHI,6,10,0.0,0.375
638,1989,CIN,8,8,0.0,0.5
639,1989,PIT,10,8,0.0,0.5555555555555556
640,1989,CLE,10,7,0.5,0.5833333333333334
641,1989,PHI,11,6,0.0,0.6470588235294118
642,1989,SEA,7,9,0.0,0.4375
643,1989,NYJ,4,12,0.0,0.25
644,1989,NE,5,11,0.0,0.3125
645,1989,MIA,8,8,0.0,0.5
646,1989,BUF,9,8,0.0,0.5294117647058824
647,1989,WSH,10,6,0.0,0.625
648,1989,NYG,12,5,0.0,0.7058823529411765
649,1990,DET,6,10,0.0,0.375
650,1990,TB,6,10,0.0,0.375
651,1990,WSH,11,7,0.0,0.6111111111111112
652,1990,ARI,5,11,0.0,0.3125
653,1990,OAK,13,5,0.0,0.7222222222222222
654,1990,DEN,5,11,0.0,0.3125
655,1990,NYG,16,3,0.0,0.8421052631578947
656,1990,PHI,10,7,0.0,0.5882352941176471
657,1990,NE,1,15,0.0,0.0625
658,1990,MIA,13,5,0.0,0.7222222222222222
659,1990,KC,11,6,0.0,0.6470588235294118
660,1990,MIN,6,10,0.0,0.375
661,1990,CIN,10,8,0.0,0.5555555555555556
662,1990,NYJ,6,10,0.0,0.375
663,1990,DAL,7,9,0.0,0.4375
664,1990,LAC,6,10,0.0,0.375
665,1990,GB,6,10,0.0,0.375
666,1990,LAR,5,11,0.0,0.3125
667,1990,CLE,3,13,0.0,0.1875
668,1990,PIT,9,7,0.0,0.5625
669,1990,CHI,12,6,0.0,0.6666666666666666
670,1990,SEA,9,7,0.0,0.5625
671,1990,BUF,15,4,0.0,0.7894736842105263
672,1990,IND,7,9,0.0,0.4375
673,1990,ATL,5,11,0.0,0.3125
674,1990,TEN,9,8,0.0,0.5294117647058824
675,1990,NO,8,9,0.0,0.47058823529411764
676,1990,SF,15,3,0.0,0.8333333333333334
677,1991,KC,11,7,0.0,0.6111111111111112
678,1991,ATL,11,7,0.0,0.6111111111111112
679,1991,WSH,17,2,0.0,0.8947368421052632
680,1991,DET,13,5,0.0,0.7222222222222222
681,1991,DEN,13,5,0.0,0.7222222222222222
682,1991,CIN,3,13,0.0,0.1875
683,1991,CHI,11,6,0.0,0.6470588235294118
684,1991,MIN,8,8,0.0,0.5
685,1991,IND,1,15,0.0,0.0625
686,1991,NE,6,10,0.0,0.375
687,1991,PIT,7,9,0.0,0.4375
688,1991,LAC,4,12,0.0,0.25
689,1991,TEN,12,6,0.0,0.6666666666666666
690,1991,OAK,9,8,0.0,0.5294117647058824
691,1991,NO,11,6,0.0,0.6470588235294118
692,1991,SEA,7,9,0.0,0.4375
693,1991,LAR,3,13,0.0,0.1875
694,1991,ARI,4,12,0.0,0.25
695,1991,NYJ,8,9,0.0,0.47058823529411764
696,1991,TB,3,13,0.0,0.1875
697,1991,BUF,15,4,0.0,0.7894736842105263
698,1991,MIA,8,8,0.0,0.5
699,1991,CLE,6,10,0.0,0.375
700,1991,DAL,12,6,0.0,0.6666666666666666
701,1991,GB,4,12,0.0,0.25
702,1991,PHI,10,6,0.0,0.625
703,1991,NYG,8,8,0.0,0.5
704,1991,SF,10,6,0.0,0.625
705,1992,SEA,2,14,0.0,0.125
706,1992,CIN,5,11,0.0,0.3125
707,1992,BUF,14,6,0.0,0.7
708,1992,LAR,6,10,0.0,0.375
709,1992,CHI,5,11,0.0,0.3125
710,1992,DET,5,11,0.0,0.3125
711,1992,ATL,6,10,0.0,0.375
712,1992,NYJ,4,12,0.0,0.25
713,1992,NYG,6,10,0.0,0.375
714,1992,SF,15,3,0.0,0.8333333333333334
715,1992,PHI,12,6,0.0,0.6666666666666666
716,1992,NO,12,5,0.0,0.7058823529411765
717,1992,TB,5,11,0.0,0.3125
718,1992,ARI,4,12,0.0,0.25
719,1992,TEN,10,7,0.0,0.5882352941176471
720,1992,PIT,11,6,0.0,0.6470588235294118
721,1992,GB,9,7,0.0,0.5625
722,1992,MIN,11,6,0.0,0.6470588235294118
723,1992,DEN,8,8,0.0,0.5
724,1992,OAK,7,9,0.0,0.4375
725,1992,LAC,12,6,0.0,0.6666666666666666
726,1992,KC,10,7,0.0,0.5882352941176471
727,1992,IND,9,7,0.0,0.5625
728,1992,CLE,7,9,0.0,0.4375
729,1992,DAL,16,3,0.0,0.8421052631578947
730,1992,WSH,10,8,0.0,0.5555555555555556
731,1992,NE,2,14,0.0,0.125
732,1992,MIA,12,6,0.0,0.6666666666666666
733,1993,NYJ,8,8,0.0,0.5
734,1993,DEN,9,8,0.0,0.5294117647058824
735,1993,BUF,14,5,0.0,0.7368421052631579
736,1993,NE,5,11,0.0,0.3125
737,1993,PHI,8,8,0.0,0.5
738,1993,ARI,7,9,0.0,0.4375
739,1993,NO,8,8,0.0,0.5
740,1993,TEN,12,5,0.0,0.7058823529411765
741,1993,IND,4,12,0.0,0.25
742,1993,MIA,9,7,0.0,0.5625
743,1993,GB,10,8,0.0,0.5555555555555556
744,1993,LAR,5,11,0.0,0.3125
745,1993,CHI,7,9,0.0,0.4375
746,1993,NYG,12,6,0.0,0.6666666666666666
747,1993,PIT,9,8,0.0,0.5294117647058824
748,1993,SF,11,7,0.0,0.6111111111111112
749,1993,LAC,8,8,0.0,0.5
750,1993,SEA,6,10,0.0,0.375
751,1993,DET,10,7,0.0,0.5882352941176471
752,1993,ATL,6,10,0.0,0.375
753,1993,TB,5,11,0.0,0.3125
754,1993,KC,13,6,0.0,0.6842105263157895
755,1993,OAK,11,7,0.0,0.6111111111111112
756,1993,MIN,9,8,0.0,0.5294117647058824
757,1993,CLE,7,9,0.0,0.4375
758,1993,CIN,3,13,0.0,0.1875
759,1993,WSH,4,12,0.0,0.25
760,1993,DAL,15,4,0.0,0.7894736842105263
761,1994,LAR,4,12,0.0,0.25
762,1994,ARI,8,8,0.0,0.5
763,1994,NO,7,9,0.0,0.4375
764,1994,KC,9,8,0.0,0.5294117647058824
765,1994,WSH,3,13,0.0,0.1875
766,1994,SEA,6,10,0.0,0.375
767,1994,MIA,11,7,0.0,0.6111111111111112
768,1994,NE,10,7,0.0,0.5882352941176471
769,1994,DET,9,8,0.0,0.5294117647058824
770,1994,ATL,7,9,0.0,0.4375
771,1994,PIT,13,5,0.0,0.7222222222222222
772,1994,DAL,13,5,0.0,0.7222222222222222
773,1994,DEN,7,9,0.0,0.4375
774,1994,LAC,13,6,0.0,0.6842105263157895
775,1994,IND,8,8,0.0,0.5
776,1994,TEN,2,14,0.0,0.125
777,1994,BUF,7,9,0.0,0.4375
778,1994,NYJ,6,10,0.0,0.375
779,1994,CIN,3,13,0.0,0.1875
780,1994,CLE,12,6,0.0,0.6666666666666666
781,1994,CHI,10,8,0.0,0.5555555555555556
782,1994,TB,6,10,0.0,0.375
783,1994,NYG,9,7,0.0,0.5625
784,1994,PHI,7,9,0.0,0.4375
785,1994,GB,10,8,0.0,0.5555555555555556
786,1994,MIN,10,7,0.0,0.5882352941176471
787,1994,SF,16,3,0.0,0.8421052631578947
788,1994,OAK,9,7,0.0,0.5625
789,1995,MIA,9,8,0.0,0.5294117647058824
790,1995,NYJ,3,13,0.0,0.1875
791,1995,PHI,11,7,0.0,0.6111111111111112
792,1995,TB,7,9,0.0,0.4375
793,1995,WSH,6,10,0.0,0.375
794,1995,ARI,4,12,0.0,0.25
795,1995,PIT,13,6,0.0,0.6842105263157895
796,1995,DET,10,7,0.0,0.5882352941176471
797,1995,SEA,8,8,0.0,0.5
798,1995,KC,13,4,0.0,0.7647058823529411
799,1995,GB,13,6,0.0,0.6842105263157895
800,1995,LAR,7,9,0.0,0.4375
801,1995,DEN,8,8,0.0,0.5
802,1995,BUF,11,7,0.0,0.6111111111111112
803,1995,ATL,9,8,0.0,0.5294117647058824
804,1995,CAR,7,9,0.0,0.4375
805,1995,NO,7,9,0.0,0.4375
806,1995,SF,11,6,0.0,0.6470588235294118
807,1995,OAK,8,8,0.0,0.5
808,1995,LAC,9,8,0.0,0.5294117647058824
809,1995,JAX,4,12,0.0,0.25
810,1995,TEN,7,9,0.0,0.4375
811,1995,NE,6,10,0.0,0.375
812,1995,CLE,5,11,0.0,0.3125
813,1995,IND,11,8,0.0,0.5789473684210527
814,1995,CIN,7,9,0.0,0.4375
815,1995,CHI,9,7,0.0,0.5625
816,1995,MIN,8,8,0.0,0.5
817,1995,NYG,5,11,0.0,0.3125
818,1995,DAL,15,4,0.0,0.7894736842105263
819,1996,SF,13,5,0.0,0.7222222222222222
820,1996,NO,3,13,0.0,0.1875
821,1996,BAL,4,12,0.0,0.25
822,1996,OAK,7,9,0.0,0.4375
823,1996,TB,6,10,0.0,0.375
824,1996,GB,16,3,0.0,0.8421052631578947
825,1996,DEN,13,4,0.0,0.7647058823529411
826,1996,NYJ,1,15,0.0,0.0625
827,1996,TEN,8,8,0.0,0.5
828,1996,KC,9,7,0.0,0.5625
829,1996,NYG,6,10,0.0,0.375
830,1996,BUF,10,7,0.0,0.5882352941176471
831,1996,WSH,9,7,0.0,0.5625
832,1996,PHI,10,7,0.0,0.5882352941176471
833,1996,MIN,9,8,0.0,0.5294117647058824
834,1996,DET,5,11,0.0,0.3125
835,1996,LAR,6,10,0.0,0.375
836,1996,CIN,8,8,0.0,0.5
837,1996,MIA,8,8,0.0,0.5
838,1996,NE,13,6,0.0,0.6842105263157895
839,1996,IND,9,8,0.0,0.5294117647058824
840,1996,ARI,7,9,0.0,0.4375
841,1996,LAC,8,8,0.0,0.5
842,1996,SEA,7,9,0.0,0.4375
843,1996,CAR,13,5,0.0,0.7222222222222222
844,1996,ATL,3,13,0.0,0.1875
845,1996,JAX,11,8,0.0,0.5789473684210527
846,1996,PIT,11,7,0.0,0.6111111111111112
847,1996,CHI,7,9,0.0,0.4375
848,1996,DAL,11,7,0.0,0.6111111111111112
849,1997,NE,11,7,0.0,0.6111111111111112
850,1997,LAC,4,12,0.0,0.25
851,1997,NYG,10,6,0.5,0.6176470588235294
852,1997,PHI,6,9,0.5,0.40625
853,1997,DEN,16,4,0.0,0.8
854,1997,KC,13,4,0.0,0.7647058823529411
855,1997,TEN,8,8,0.0,0.5
856,1997,OAK,4,12,0.0,0.25
857,1997,PIT,12,6,0.0,0.6666666666666666
858,1997,DAL,6,10,0.0,0.375
859,1997,SEA,8,8,0.0,0.5
860,1997,NYJ,9,7,0.0,0.5625
861,1997,LAR,5,11,0.0,0.3125
862,1997,NO,6,10,0.0,0.375
863,1997,BAL,6,9,0.5,0.40625
864,1997,JAX,11,6,0.0,0.6470588235294118
865,1997,CAR,7,9,0.0,0.4375
866,1997,WSH,8,7,0.5,0.53125
867,1997,TB,11,7,0.0,0.6111111111111112
868,1997,SF,14,4,0.0,0.7777777777777778
869,1997,DET,9,8,0.0,0.5294117647058824
870,1997,ATL,7,9,0.0,0.4375
871,1997,MIA,9,8,0.0,0.5294117647058824
872,1997,IND,3,13,0.0,0.1875
873,1997,CIN,7,9,0.0,0.4375
874,1997,ARI,4,12,0.0,0.25
875,1997,BUF,6,10,0.0,0.375
876,1997,MIN,10,8,0.0,0.5555555555555556
877,1997,GB,15,4,0.0,0.7894736842105263
878,1997,CHI,4,12,0.0,0.25
879,1998,IND,3,13,0.0,0.1875
880,1998,MIA,11,7,0.0,0.6111111111111112
881,1998,KC,7,9,0.0,0.4375
882,1998,OAK,8,8,0.0,0.5
883,1998,BAL,6,10,0.0,0.375
884,1998,PIT,7,9,0.0,0.4375
885,1998,GB,11,6,0.0,0.6470588235294118
886,1998,DET,5,11,0.0,0.3125
887,1998,MIN,16,2,0.0,0.8888888888888888
888,1998,TB,8,8,0.0,0.5
889,1998,PHI,3,13,0.0,0.1875
890,1998,SEA,8,8,0.0,0.5
891,1998,DAL,10,7,0.0,0.5882352941176471
892,1998,ARI,10,8,0.0,0.5555555555555556
893,1998,LAR,4,12,0.0,0.25
894,1998,NO,6,10,0.0,0.375
895,1998,SF,13,5,0.0,0.7222222222222222
896,1998,NYJ,13,5,0.0,0.7222222222222222
897,1998,CAR,4,12,0.0,0.25
898,1998,ATL,16,3,0.0,0.8421052631578947
899,1998,CIN,3,13,0.0,0.1875
900,1998,TEN,8,8,0.0,0.5
901,1998,NYG,8,8,0.0,0.5
902,1998,WSH,6,10,0.0,0.375
903,1998,LAC,5,11,0.0,0.3125
904,1998,BUF,10,7,0.0,0.5882352941176471
905,1998,CHI,4,12,0.0,0.25
906,1998,JAX,12,6,0.0,0.6666666666666666
907,1998,DEN,17,2,0.0,0.8947368421052632
908,1998,NE,9,8,0.0,0.5294117647058824
909,1999,JAX,15,3,0.0,0.8333333333333334
910,1999,SF,4,12,0.0,0.25
911,1999,NO,3,13,0.0,0.1875
912,1999,CAR,8,8,0.0,0.5
913,1999,TEN,16,4,0.0,0.8
914,1999,CIN,4,12,0.0,0.25
915,1999,CHI,6,10,0.0,0.375
916,1999,KC,9,7,0.0,0.5625
917,1999,LAR,16,3,0.0,0.8421052631578947
918,1999,BAL,8,8,0.0,0.5
919,1999,NYJ,8,8,0.0,0.5
920,1999,NE,8,8,0.0,0.5
921,1999,GB,8,8,0.0,0.5
922,1999,OAK,8,8,0.0,0.5
923,1999,CLE,2,14,0.0,0.125
924,1999,PIT,6,10,0.0,0.375
925,1999,IND,13,4,0.0,0.7647058823529411
926,1999,BUF,11,6,0.0,0.6470588235294118
927,1999,SEA,9,8,0.0,0.5294117647058824
928,1999,DET,8,9,0.0,0.47058823529411764
929,1999,TB,12,6,0.0,0.6666666666666666
930,1999,NYG,7,9,0.0,0.4375
931,1999,ATL,5,11,0.0,0.3125
932,1999,MIN,11,7,0.0,0.6111111111111112
933,1999,PHI,5,11,0.0,0.3125
934,1999,ARI,6,10,0.0,0.375
935,1999,WSH,11,7,0.0,0.6111111111111112
936,1999,DAL,8,9,0.0,0.47058823529411764
937,1999,DEN,6,10,0.0,0.375
938,1999,MIA,10,8,0.0,0.5555555555555556
939,1999,LAC,8,8,0.0,0.5
940,2000,ATL,4,12,0.0,0.25
941,2000,SF,6,10,0.0,0.375
942,2000,CLE,3,13,0.0,0.1875
943,2000,JAX,7,9,0.0,0.4375
944,2000,GB,9,7,0.0,0.5625
945,2000,NYJ,9,7,0.0,0.5625
946,2000,DAL,5,11,0.0,0.3125
947,2000,PHI,12,6,0.0,0.6666666666666666
948,2000,BUF,8,8,0.0,0.5
949,2000,TEN,13,4,0.0,0.7647058823529411
950,2000,WSH,8,8,0.0,0.5
951,2000,CAR,7,9,0.0,0.4375
952,2000,NE,5,11,0.0,0.3125
953,2000,TB,10,7,0.0,0.5882352941176471
954,2000,OAK,13,5,0.0,0.7222222222222222
955,2000,LAC,1,15,0.0,0.0625
956,2000,PIT,9,7,0.0,0.5625
957,2000,BAL,16,4,0.0,0.8
958,2000,NO,11,7,0.0,0.6111111111111112
959,2000,DET,9,7,0.0,0.5625
960,2000,MIA,12,6,0.0,0.6666666666666666
961,2000,SEA,6,10,0.0,0.375
962,2000,KC,7,9,0.0,0.4375
963,2000,IND,10,7,0.0,0.5882352941176471
964,2000,MIN,12,6,0.0,0.6666666666666666
965,2000,CHI,5,11,0.0,0.3125
966,2000,NYG,14,5,0.0,0.7368421052631579
967,2000,ARI,3,13,0.0,0.1875
968,2000,LAR,10,7,0.0,0.5882352941176471
969,2000,DEN,11,6,0.0,0.6470588235294118
970,2000,CIN,4,12,0.0,0.25
971,2001,JAX,6,10,0.0,0.375
972,2001,PIT,14,4,0.0,0.7777777777777778
973,2001,DAL,5,11,0.0,0.3125
974,2001,TB,9,8,0.0,0.5294117647058824
975,2001,GB,13,5,0.0,0.7222222222222222
976,2001,DET,2,14,0.0,0.125
977,2001,SF,12,5,0.0,0.7058823529411765
978,2001,ATL,7,9,0.0,0.4375
979,2001,TEN,7,9,0.0,0.4375
980,2001,MIA,11,6,0.0,0.6470588235294118
981,2001,BUF,3,13,0.0,0.1875
982,2001,NO,7,9,0.0,0.4375
983,2001,PHI,13,6,0.0,0.6842105263157895
984,2001,LAR,16,3,0.0,0.8421052631578947
985,2001,LAC,5,11,0.0,0.3125
986,2001,WSH,8,8,0.0,0.5
987,2001,BAL,11,7,0.0,0.6111111111111112
988,2001,CHI,13,4,0.0,0.7647058823529411
989,2001,NYJ,10,7,0.0,0.5882352941176471
990,2001,IND,6,10,0.0,0.375
991,2001,MIN,5,11,0.0,0.3125
992,2001,CAR,1,15,0.0,0.0625
993,2001,CIN,6,10,0.0,0.375
994,2001,NE,14,5,0.0,0.7368421052631579
995,2001,CLE,7,9,0.0,0.4375
996,2001,SEA,9,7,0.0,0.5625
997,2001,KC,6,10,0.0,0.375
998,2001,OAK,11,7,0.0,0.6111111111111112
999,2001,DEN,8,8,0.0,0.5
1000,2001,NYG,7,9,0.0,0.4375
1001,2001,ARI,7,9,0.0,0.4375
1002,2002,NYG,10,7,0.0,0.5882352941176471
1003,2002,SF,11,7,0.0,0.6111111111111112
1004,2002,DEN,9,7,0.0,0.5625
1005,2002,LAR,7,9,0.0,0.4375
1006,2002,CHI,4,12,0.0,0.25
1007,2002,MIN,6,10,0.0,0.375
1008,2002,CAR,7,9,0.0,0.4375
1009,2002,BAL,7,9,0.0,0.4375
1010,2002,TB,15,4,0.0,0.7894736842105263
1011,2002,NO,9,7,0.0,0.5625
1012,2002,TEN,12,6,0.0,0.6666666666666666
1013,2002,PHI,13,5,0.0,0.7222222222222222
1014,2002,JAX,6,10,0.0,0.375
1015,2002,IND,10,7,0.0,0.5882352941176471
1016,2002,BUF,8,8,0.0,0.5
1017,2002,NYJ,10,8,0.0,0.5555555555555556
1018,2002,GB,12,5,0.0,0.7058823529411765
1019,2002,ATL,10,7,0.5,0.5833333333333334
1020,2002,HOU,4,12,0.0,0.25
1021,2002,DAL,5,11,0.0,0.3125
1022,2002,MIA,9,7,0.0,0.5625
1023,2002,DET,3,13,0.0,0.1875
1024,2002,OAK,13,6,0.0,0.6842105263157895
1025,2002,SEA,7,9,0.0,0.4375
1026,2002,WSH,7,9,0.0,0.4375
1027,2002,ARI,5,11,0.0,0.3125
1028,2002,CIN,2,14,0.0,0.125
1029,2002,LAC,8,8,0.0,0.5
1030,2002,CLE,9,8,0.0,0.5294117647058824
1031,2002,KC,8,8,0.0,0.5
1032,2002,NE,9,7,0.0,0.5625
1033,2002,PIT,11,6,0.5,0.6388888888888888
1034,2003,WSH,5,11,0.0,0.3125
1035,2003,NYJ,6,10,0.0,0.375
1036,2003,MIA,10,6,0.0,0.625
1037,2003,HOU,5,11,0.0,0.3125
1038,2003,PIT,6,10,0.0,0.375
1039,2003,BAL,10,7,0.0,0.5882352941176471
1040,2003,SF,7,9,0.0,0.4375
1041,2003,CHI,7,9,0.0,0.4375
1042,2003,NYG,4,12,0.0,0.25
1043,2003,LAR,12,5,0.0,0.7058823529411765
1044,2003,KC,13,4,0.0,0.7647058823529411
1045,2003,LAC,4,12,0.0,0.25
1046,2003,CIN,8,8,0.0,0.5
1047,2003,DEN,10,7,0.0,0.5882352941176471
1048,2003,BUF,6,10,0.0,0.375
1049,2003,NE,17,2,0.0,0.8947368421052632
1050,2003,DAL,10,7,0.0,0.5882352941176471
1051,2003,ATL,5,11,0.0,0.3125
1052,2003,GB,11,7,0.0,0.6111111111111112
1053,2003,MIN,9,7,0.0,0.5625
1054,2003,SEA,10,7,0.0,0.5882352941176471
1055,2003,NO,8,8,0.0,0.5
1056,2003,TEN,13,5,0.0,0.7222222222222222
1057,2003,OAK,4,12,0.0,0.25
1058,2003,CLE,5,11,0.0,0.3125
1059,2003,IND,14,5,0.0,0.7368421052631579
1060,2003,CAR,14,6,0.0,0.7
1061,2003,JAX,5,11,0.0,0.3125
1062,2003,DET,5,11,0.0,0.3125
1063,2003,ARI,4,12,0.0,0.25
1064,2003,PHI,13,5,0.0,0.7222222222222222
1065,2003,TB,7,9,0.0,0.4375
1066,2004,NE,17,2,0.0,0.8947368421052632
1067,2004,IND,13,5,0.0,0.7222222222222222
1068,2004,MIA,4,12,0.0,0.25
1069,2004,TEN,5,11,0.0,0.3125
1070,2004,CLE,4,12,0.0,0.25
1071,2004,BAL,9,7,0.0,0.5625
1072,2004,HOU,7,9,0.0,0.4375
1073,2004,LAC,12,5,0.0,0.7058823529411765
1074,2004,MIN,9,9,0.0,0.5
1075,2004,DAL,6,10,0.0,0.375
1076,2004,PHI,15,4,0.0,0.7894736842105263
1077,2004,NYG,6,10,0.0,0.375
1078,2004,PIT,16,2,0.0,0.8888888888888888
1079,2004,OAK,5,11,0.0,0.3125
1080,2004,SF,2,14,0.0,0.125
1081,2004,ATL,12,6,0.0,0.6666666666666666
1082,2004,BUF,9,7,0.0,0.5625
1083,2004,JAX,9,7,0.0,0.5625
1084,2004,LAR,9,9,0.0,0.5
1085,2004,ARI,6,10,0.0,0.375
1086,2004,NYJ,11,7,0.0,0.6111111111111112
1087,2004,CIN,8,8,0.0,0.5
1088,2004,DEN,10,7,0.0,0.5882352941176471
1089,2004,KC,7,9,0.0,0.4375
1090,2004,NO,8,8,0.0,0.5
1091,2004,SEA,9,8,0.0,0.5294117647058824
1092,2004,WSH,6,10,0.0,0.375
1093,2004,TB,5,11,0.0,0.3125
1094,2004,CHI,5,11,0.0,0.3125
1095,2004,DET,6,10,0.0,0.375
1096,2004,CAR,7,9,0.0,0.4375
1097,2004,GB,10,7,0.0,0.5882352941176471
1098,2005,NE,11,7,0.0,0.6111111111111112
1099,2005,OAK,4,12,0.0,0.25
1100,2005,KC,10,6,0.0,0.625
1101,2005,NYJ,4,12,0.0,0.25
1102,2005,WSH,11,7,0.0,0.6111111111111112
1103,2005,CHI,11,6,0.0,0.6470588235294118
1104,2005,LAC,9,7,0.0,0.5625
1105,2005,DAL,9,7,0.0,0.5625
1106,2005,MIN,9,7,0.0,0.5625
1107,2005,TB,11,6,0.0,0.6470588235294118
1108,2005,DET,5,11,0.0,0.3125
1109,2005,GB,4,12,0.0,0.25
1110,2005,BAL,6,10,0.0,0.375
1111,2005,IND,14,3,0.0,0.8235294117647058
1112,2005,NYG,11,6,0.0,0.6470588235294118
1113,2005,ARI,5,11,0.0,0.3125
1114,2005,PIT,15,5,0.0,0.75
1115,2005,TEN,4,12,0.0,0.25
1116,2005,BUF,5,11,0.0,0.3125
1117,2005,HOU,2,14,0.0,0.125
1118,2005,CLE,6,10,0.0,0.375
1119,2005,CIN,11,6,0.0,0.6470588235294118
1120,2005,JAX,12,5,0.0,0.7058823529411765
1121,2005,SEA,15,4,0.0,0.7894736842105263
1122,2005,CAR,13,6,0.0,0.6842105263157895
1123,2005,NO,3,13,0.0,0.1875
1124,2005,SF,4,12,0.0,0.25
1125,2005,LAR,6,10,0.0,0.375
1126,2005,MIA,9,7,0.0,0.5625
1127,2005,DEN,14,4,0.0,0.7777777777777778
1128,2005,ATL,8,8,0.0,0.5
1129,2005,PHI,6,10,0.0,0.375
1130,2006,PIT,8,8,0.0,0.5
1131,2006,MIA,6,10,0.0,0.375
1132,2006,NE,14,5,0.0,0.7368421052631579
1133,2006,BUF,7,9,0.0,0.4375
1134,2006,JAX,8,8,0.0,0.5
1135,2006,DAL,9,8,0.0,0.5294117647058824
1136,2006,GB,8,8,0.0,0.5
1137,2006,CHI,15,4,0.0,0.7894736842105263
1138,2006,CLE,4,12,0.0,0.25
1139,2006,NO,11,7,0.0,0.6111111111111112
1140,2006,LAR,8,8,0.0,0.5
1141,2006,DEN,9,7,0.0,0.5625
1142,2006,ARI,5,11,0.0,0.3125
1143,2006,SF,7,9,0.0,0.4375
1144,2006,TB,4,12,0.0,0.25
1145,2006,BAL,13,4,0.0,0.7647058823529411
1146,2006,NYG,8,9,0.0,0.47058823529411764
1147,2006,IND,16,4,0.0,0.8
1148,2006,DET,3,13,0.0,0.1875
1149,2006,SEA,10,8,0.0,0.5555555555555556
1150,2006,TEN,8,8,0.0,0.5
1151,2006,NYJ,10,7,0.0,0.5882352941176471
1152,2006,KC,9,8,0.0,0.5294117647058824
1153,2006,CIN,8,8,0.0,0.5
1154,2006,HOU,6,10,0.0,0.375
1155,2006,PHI,11,7,0.0,0.6111111111111112
1156,2006,CAR,8,8,0.0,0.5
1157,2006,ATL,7,9,0.0,0.4375
1158,2006,OAK,2,14,0.0,0.125
1159,2006,LAC,14,3,0.0,0.8235294117647058
1160,2006,WSH,5,11,0.0,0.3125
1161,2006,MIN,6,10,0.0,0.375
1162,2007,IND,13,4,0.0,0.7647058823529411
1163,2007,NO,7,9,0.0,0.4375
1164,2007,GB,14,4,0.0,0.7777777777777778
1165,2007,PHI,8,8,0.0,0.5
1166,2007,SEA,11,7,0.0,0.6111111111111112
1167,2007,TB,9,8,0.0,0.5294117647058824
1168,2007,JAX,12,6,0.0,0.6666666666666666
1169,2007,TEN,10,7,0.0,0.5882352941176471
1170,2007,OAK,4,12,0.0,0.25
1171,2007,DET,7,9,0.0,0.4375
1172,2007,MIN,8,8,0.0,0.5
1173,2007,ATL,4,12,0.0,0.25
1174,2007,LAR,3,13,0.0,0.1875
1175,2007,CAR,7,9,0.0,0.4375
1176,2007,BUF,7,9,0.0,0.4375
1177,2007,DEN,7,9,0.0,0.4375
1178,2007,WSH,9,8,0.0,0.5294117647058824
1179,2007,MIA,1,15,0.0,0.0625
1180,2007,CLE,10,6,0.0,0.625
1181,2007,PIT,10,7,0.0,0.5882352941176471
1182,2007,HOU,8,8,0.0,0.5
1183,2007,KC,4,12,0.0,0.25
1184,2007,NYJ,4,12,0.0,0.25
1185,2007,NE,18,1,0.0,0.9473684210526315
1186,2007,LAC,13,6,0.0,0.6842105263157895
1187,2007,CHI,7,9,0.0,0.4375
1188,2007,DAL,13,4,0.0,0.7647058823529411
1189,2007,NYG,14,6,0.0,0.7
1190,2007,CIN,7,9,0.0,0.4375
1191,2007,BAL,5,11,0.0,0.3125
1192,2007,SF,5,11,0.0,0.3125
1193,2007,ARI,8,8,0.0,0.5
1194,2008,NYG,12,5,0.0,0.7058823529411765
1195,2008,WSH,8,8,0.0,0.5
1196,2008,CLE,4,12,0.0,0.25
1197,2008,DAL,9,7,0.0,0.5625
1198,2008,NO,8,8,0.0,0.5
1199,2008,TB,9,7,0.0,0.5625
1200,2008,TEN,13,4,0.0,0.7647058823529411
1201,2008,JAX,5,11,0.0,0.3125
1202,2008,BAL,13,6,0.0,0.6842105263157895
1203,2008,CIN,4,11,0.5,0.28125
1204,2008,LAC,9,9,0.0,0.5
1205,2008,CAR,12,5,0.0,0.7058823529411765
1206,2008,BUF,7,9,0.0,0.4375
1207,2008,SEA,4,12,0.0,0.25
1208,2008,ATL,11,6,0.0,0.6470588235294118
1209,2008,DET,0,16,0.0,0.0
1210,2008,NE,11,5,0.0,0.6875
1211,2008,KC,2,14,0.0,0.125
1212,2008,MIA,11,6,0.0,0.6470588235294118
1213,2008,NYJ,9,7,0.0,0.5625
1214,2008,IND,12,5,0.0,0.7058823529411765
1215,2008,CHI,9,7,0.0,0.5625
1216,2008,PIT,15,4,0.0,0.7894736842105263
1217,2008,HOU,8,8,0.0,0.5
1218,2008,PHI,11,7,0.5,0.6052631578947368
1219,2008,LAR,2,14,0.0,0.125
1220,2008,SF,7,9,0.0,0.4375
1221,2008,ARI,12,8,0.0,0.6
1222,2008,GB,6,10,0.0,0.375
1223,2008,MIN,10,7,0.0,0.5882352941176471
1224,2008,OAK,5,11,0.0,0.3125
1225,2008,DEN,8,8,0.0,0.5
1226,2009,PIT,9,7,0.0,0.5625
1227,2009,TEN,8,8,0.0,0.5
1228,2009,NYG,8,8,0.0,0.5
1229,2009,WSH,4,12,0.0,0.25
1230,2009,GB,11,6,0.0,0.6470588235294118
1231,2009,CHI,7,9,0.0,0.4375
1232,2009,IND,16,3,0.0,0.8421052631578947
1233,2009,JAX,7,9,0.0,0.4375
1234,2009,ATL,9,7,0.0,0.5625
1235,2009,MIA,7,9,0.0,0.4375
1236,2009,SEA,5,11,0.0,0.3125
1237,2009,LAR,1,15,0.0,0.0625
1238,2009,HOU,9,7,0.0,0.5625
1239,2009,NYJ,11,8,0.0,0.5789473684210527
1240,2009,TB,3,13,0.0,0.1875
1241,2009,DAL,12,6,0.0,0.6666666666666666
1242,2009,BAL,10,8,0.0,0.5555555555555556
1243,2009,KC,4,12,0.0,0.25
1244,2009,NO,16,3,0.0,0.8421052631578947
1245,2009,DET,2,14,0.0,0.125
1246,2009,ARI,11,7,0.0,0.6111111111111112
1247,2009,SF,8,8,0.0,0.5
1248,2009,CIN,10,7,0.0,0.5882352941176471
1249,2009,DEN,8,8,0.0,0.5
1250,2009,CLE,5,11,0.0,0.3125
1251,2009,MIN,13,5,0.0,0.7222222222222222
1252,2009,CAR,8,8,0.0,0.5
1253,2009,PHI,11,6,0.0,0.6470588235294118
1254,2009,NE,10,7,0.0,0.5882352941176471
1255,2009,BUF,6,10,0.0,0.375
1256,2009,OAK,5,11,0.0,0.3125
1257,2009,LAC,13,4,0.0,0.7647058823529411
1258,2010,NO,11,6,0.0,0.6470588235294118
1259,2010,MIN,6,10,0.0,0.375
1260,2010,JAX,8,8,0.0,0.5
1261,2010,DEN,4,12,0.0,0.25
1262,2010,WSH,6,10,0.0,0.375
1263,2010,DAL,6,10,0.0,0.375
1264,2010,BUF,4,12,0.0,0.25
1265,2010,MIA,7,9,0.0,0.4375
1266,2010,NE,14,3,0.0,0.8235294117647058
1267,2010,CIN,4,12,0.0,0.25
1268,2010,LAR,7,9,0.0,0.4375
1269,2010,ARI,5,11,0.0,0.3125
1270,2010,TEN,6,10,0.0,0.375
1271,2010,OAK,8,8,0.0,0.5
1272,2010,PIT,14,5,0.0,0.7368421052631579
1273,2010,ATL,13,4,0.0,0.7647058823529411
1274,2010,HOU,6,10,0.0,0.375
1275,2010,IND,10,7,0.0,0.5882352941176471
1276,2010,SEA,8,10,0.0,0.4444444444444444
1277,2010,SF,6,10,0.0,0.375
1278,2010,TB,10,6,0.0,0.625
1279,2010,CLE,5,11,0.0,0.3125
1280,2010,CHI,12,6,0.0,0.6666666666666666
1281,2010,DET,6,10,0.0,0.375
1282,2010,NYG,10,6,0.0,0.625
1283,2010,CAR,2,14,0.0,0.125
1284,2010,PHI,10,7,0.0,0.5882352941176471
1285,2010,GB,14,6,0.0,0.7
1286,2010,NYJ,13,6,0.0,0.6842105263157895
1287,2010,BAL,13,5,0.0,0.7222222222222222
1288,2010,KC,10,7,0.0,0.5882352941176471
1289,2010,LAC,9,7,0.0,0.5625
1290,2011,GB,15,2,0.0,0.8823529411764706
1291,2011,NO,14,4,0.0,0.7777777777777778
1292,2011,WSH,5,11,0.0,0.3125
1293,2011,NYG,13,7,0.0,0.65
1294,2011,SF,14,4,0.0,0.7777777777777778
1295,2011,SEA,7,9,0.0,0.4375
1296,2011,KC,7,9,0.0,0.4375
1297,2011,BUF,6,10,0.0,0.375
1298,2011,CLE,4,12,0.0,0.25
1299,2011,CIN,9,8,0.0,0.5294117647058824
1300,2011,ARI,8,8,0.0,0.5
1301,2011,CAR,6,10,0.0,0.375
1302,2011,CHI,8,8,0.0,0.5
1303,2011,ATL,10,7,0.0,0.5882352941176471
1304,2011,JAX,5,11,0.0,0.3125
1305,2011,TEN,9,7,0.0,0.5625
1306,2011,LAC,8,8,0.0,0.5
1307,2011,MIN,3,13,0.0,0.1875
1308,2011,BAL,13,5,0.0,0.7222222222222222
1309,2011,PIT,12,5,0.0,0.7058823529411765
1310,2011,NYJ,8,8,0.0,0.5
1311,2011,DAL,8,8,0.0,0.5
1312,2011,TB,4,12,0.0,0.25
1313,2011,DET,10,7,0.0,0.5882352941176471
1314,2011,LAR,2,14,0.0,0.125
1315,2011,PHI,8,8,0.0,0.5
1316,2011,HOU,11,7,0.0,0.6111111111111112
1317,2011,IND,2,14,0.0,0.125
1318,2011,DEN,9,9,0.0,0.5
1319,2011,OAK,8,8,0.0,0.5
1320,2011,MIA,6,10,0.0,0.375
1321,2011,NE,15,4,0.0,0.7894736842105263
1322,2012,NYG,9,7,0.0,0.5625
1323,2012,DAL,8,8,0.0,0.5
1324,2012,ARI,5,11,0.0,0.3125
1325,2012,SEA,12,6,0.0,0.6666666666666666
1326,2012,CLE,5,11,0.0,0.3125
1327,2012,PHI,4,12,0.0,0.25
1328,2012,DET,4,12,0.0,0.25
1329,2012,LAR,7,8,0.5,0.46875
1330,2012,TB,7,9,0.0,0.4375
1331,2012,CAR,7,9,0.0,0.4375
1332,2012,GB,12,6,0.0,0.6666666666666666
1333,2012,SF,13,5,0.5,0.7105263157894737
1334,2012,KC,2,14,0.0,0.125
1335,2012,ATL,14,4,0.0,0.7777777777777778
1336,2012,NO,7,9,0.0,0.4375
1337,2012,WSH,10,7,0.0,0.5882352941176471
1338,2012,NYJ,6,10,0.0,0.375
1339,2012,BUF,6,10,0.0,0.375
1340,2012,DEN,13,4,0.0,0.7647058823529411
1341,2012,PIT,8,8,0.0,0.5
1342,2012,HOU,13,5,0.0,0.7222222222222222
1343,2012,MIA,7,9,0.0,0.4375
1344,2012,MIN,10,7,0.0,0.5882352941176471
1345,2012,JAX,2,14,0.0,0.125
1346,2012,TEN,6,10,0.0,0.375
1347,2012,NE,13,5,0.0,0.7222222222222222
1348,2012,CHI,10,6,0.0,0.625
1349,2012,IND,11,6,0.0,0.6470588235294118
1350,2012,BAL,14,6,0.0,0.7
1351,2012,CIN,10,7,0.0,0.5882352941176471
1352,2012,OAK,4,12,0.0,0.25
1353,2012,LAC,7,9,0.0,0.4375
1354,2013,DEN,15,4,0.0,0.7894736842105263
1355,2013,BAL,8,8,0.0,0.5
1356,2013,LAR,7,9,0.0,0.4375
1357,2013,ARI,10,6,0.0,0.625
1358,2013,CAR,12,5,0.0,0.7058823529411765
1359,2013,SEA,16,3,0.0,0.8421052631578947
1360,2013,PIT,8,8,0.0,0.5
1361,2013,TEN,7,9,0.0,0.4375
1362,2013,NO,12,6,0.0,0.6666666666666666
1363,2013,ATL,4,12,0.0,0.25
1364,2013,DET,7,9,0.0,0.4375
1365,2013,MIN,5,10,0.5,0.34375
1366,2013,IND,12,6,0.0,0.6666666666666666
1367,2013,OAK,4,12,0.0,0.25
1368,2013,CHI,8,8,0.0,0.5
1369,2013,CIN,11,6,0.0,0.6470588235294118
1370,2013,SF,14,5,0.0,0.7368421052631579
1371,2013,GB,8,8,0.5,0.5
1372,2013,DAL,8,8,0.0,0.5
1373,2013,NYG,7,9,0.0,0.4375
1374,2013,BUF,6,10,0.0,0.375
1375,2013,NE,13,5,0.0,0.7222222222222222
1376,2013,CLE,4,12,0.0,0.25
1377,2013,MIA,8,8,0.0,0.5
1378,2013,JAX,4,12,0.0,0.25
1379,2013,KC,11,6,0.0,0.6470588235294118
1380,2013,NYJ,8,8,0.0,0.5
1381,2013,TB,4,12,0.0,0.25
1382,2013,WSH,3,13,0.0,0.1875
1383,2013,PHI,10,7,0.0,0.5882352941176471
1384,2013,LAC,10,8,0.0,0.5555555555555556
1385,2013,HOU,2,14,0.0,0.125
1386,2014,SEA,14,5,0.0,0.7368421052631579
1387,2014,GB,13,5,0.0,0.7222222222222222
1388,2014,BAL,11,7,0.0,0.6111111111111112
1389,2014,CIN,10,6,0.5,0.6176470588235294
1390,2014,ATL,6,10,0.0,0.375
1391,2014,NO,7,9,0.0,0.4375
1392,2014,DAL,13,5,0.0,0.7222222222222222
1393,2014,SF,8,8,0.0,0.5
1394,2014,MIA,8,8,0.0,0.5
1395,2014,NE,15,4,0.0,0.7894736842105263
1396,2014,PHI,10,6,0.0,0.625
1397,2014,JAX,3,13,0.0,0.1875
1398,2014,HOU,9,7,0.0,0.5625
1399,2014,WSH,4,12,0.0,0.25
1400,2014,CHI,5,11,0.0,0.3125
1401,2014,BUF,9,7,0.0,0.5625
1402,2014,LAR,6,10,0.0,0.375
1403,2014,MIN,7,9,0.0,0.4375
1404,2014,PIT,11,6,0.0,0.6470588235294118
1405,2014,CLE,7,9,0.0,0.4375
1406,2014,DEN,12,5,0.0,0.7058823529411765
1407,2014,IND,13,6,0.0,0.6842105263157895
1408,2014,TB,2,14,0.0,0.125
1409,2014,CAR,8,9,0.5,0.4722222222222222
1410,2014,KC,9,7,0.0,0.5625
1411,2014,TEN,2,14,0.0,0.125
1412,2014,NYJ,4,12,0.0,0.25
1413,2014,OAK,3,13,0.0,0.1875
1414,2014,ARI,11,6,0.0,0.6470588235294118
1415,2014,LAC,9,7,0.0,0.5625
1416,2014,DET,11,6,0.0,0.6470588235294118
1417,2014,NYG,6,10,0.0,0.375
1418,2015,NE,13,5,0.0,0.7222222222222222
1419,2015,PIT,11,7,0.0,0.6111111111111112
1420,2015,NYJ,10,6,0.0,0.625
1421,2015,CLE,3,13,0.0,0.1875
1422,2015,LAR,7,9,0.0,0.4375
1423,2015,SEA,11,7,0.0,0.6111111111111112
1424,2015,JAX,5,11,0.0,0.3125
1425,2015,CAR,17,2,0.0,0.8947368421052632
1426,2015,CHI,6,10,0.0,0.375
1427,2015,GB,11,7,0.0,0.6111111111111112
1428,2015,BUF,8,8,0.0,0.5
1429,2015,IND,8,8,0.0,0.5
1430,2015,HOU,9,8,0.0,0.5294117647058824
1431,2015,KC,12,6,0.0,0.6666666666666666
1432,2015,WSH,9,8,0.0,0.5294117647058824
1433,2015,MIA,6,10,0.0,0.375
1434,2015,ARI,14,4,0.0,0.7777777777777778
1435,2015,NO,7,9,0.0,0.4375
1436,2015,LAC,4,12,0.0,0.25
1437,2015,DET,7,9,0.0,0.4375
1438,2015,TB,6,10,0.0,0.375
1439,2015,TEN,3,13,0.0,0.1875
1440,2015,DEN,15,4,0.0,0.7894736842105263
1441,2015,BAL,5,11,0.0,0.3125
1442,2015,OAK,7,9,0.0,0.4375
1443,2015,CIN,12,5,0.0,0.7058823529411765
1444,2015,DAL,4,12,0.0,0.25
1445,2015,NYG,6,10,0.0,0.375
1446,2015,ATL,8,8,0.0,0.5
1447,2015,PHI,7,9,0.0,0.4375
1448,2015,SF,5,11,0.0,0.3125
1449,2015,MIN,11,6,0.0,0.6470588235294118
1450,2016,DEN,9,7,0.0,0.5625
1451,2016,CAR,6,10,0.0,0.375
1452,2016,PHI,7,9,0.0,0.4375
1453,2016,CLE,1,15,0.0,0.0625
1454,2016,NYJ,5,11,0.0,0.3125
1455,2016,CIN,6,9,0.5,0.40625
1456,2016,BAL,8,8,0.0,0.5
1457,2016,BUF,7,9,0.0,0.4375
1458,2016,TEN,9,7,0.0,0.5625
1459,2016,MIN,8,8,0.0,0.5
1460,2016,NO,7,9,0.0,0.4375
1461,2016,OAK,12,5,0.0,0.7058823529411765
1462,2016,KC,12,5,0.0,0.7058823529411765
1463,2016,LAC,5,11,0.0,0.3125
1464,2016,JAX,3,13,0.0,0.1875
1465,2016,GB,12,7,0.0,0.631578947368421
1466,2016,ATL,13,6,0.0,0.6842105263157895
1467,2016,TB,9,7,0.0,0.5625
1468,2016,HOU,10,8,0.0,0.5555555555555556
1469,2016,CHI,3,13,0.0,0.1875
1470,2016,SEA,11,6,0.5,0.6388888888888888
1471,2016,MIA,10,7,0.0,0.5882352941176471
1472,2016,IND,8,8,0.0,0.5
1473,2016,DET,9,8,0.0,0.5294117647058824
1474,2016,DAL,13,4,0.0,0.7647058823529411
1475,2016,NYG,11,6,0.0,0.6470588235294118
1476,2016,ARI,7,8,0.5,0.46875
1477,2016,NE,17,2,0.0,0.8947368421052632
1478,2016,WSH,8,7,0.5,0.53125
1479,2016,PIT,13,6,0.0,0.6842105263157895
1480,2016,SF,2,14,0.0,0.125
1481,2016,LAR,4,12,0.0,0.25
1482,2017,NE,15,4,0.0,0.7894736842105263
1483,2017,KC,10,7,0.0,0.5882352941176471
1484,2017,CLE,0,16,0.0,0.0
1485,2017,PIT,13,4,0.0,0.7647058823529411
1486,2017,CHI,5,11,0.0,0.3125
1487,2017,ATL,11,7,0.0,0.6111111111111112
1488,2017,CIN,7,9,0.0,0.4375
1489,2017,BAL,9,7,0.0,0.5625
1490,2017,BUF,9,8,0.0,0.5294117647058824
1491,2017,NYJ,5,11,0.0,0.3125
1492,2017,HOU,4,12,0.0,0.25
1493,2017,JAX,12,7,0.0,0.631578947368421
1494,2017,WSH,7,9,0.0,0.4375
1495,2017,PHI,16,3,0.0,0.8421052631578947
1496,2017,TEN,10,8,0.0,0.5555555555555556
1497,2017,OAK,6,10,0.0,0.375
1498,2017,DET,9,7,0.0,0.5625
1499,2017,ARI,8,8,0.0,0.5
1500,2017,LAR,11,6,0.0,0.6470588235294118
1501,2017,IND,4,12,0.0,0.25
1502,2017,GB,7,9,0.0,0.4375
1503,2017,SEA,9,7,0.0,0.5625
1504,2017,SF,6,10,0.0,0.375
1505,2017,CAR,11,6,0.0,0.6470588235294118
1506,2017,DAL,9,7,0.0,0.5625
1507,2017,NYG,3,13,0.0,0.1875
1508,2017,MIN,14,4,0.0,0.7777777777777778
1509,2017,NO,12,6,0.0,0.6666666666666666
1510,2017,DEN,5,11,0.0,0.3125
1511,2017,LAC,9,7,0.0,0.5625
1512,2017,TB,5,11,0.0,0.3125
1513,2017,MIA,6,10,0.0,0.375
1514,2018,PHI,10,8,0.0,0.5555555555555556
1515,2018,ATL,7,9,0.0,0.4375
1516,2018,IND,11,7,0.0,0.6111111111111112
1517,2018,CIN,6,10,0.0,0.375
1518,2018,MIN,8,7,0.5,0.53125
1519,2018,SF,4,12,0.0,0.25
1520,2018,NYG,5,11,0.0,0.3125
1521,2018,JAX,5,11,0.0,0.3125
1522,2018,NO,14,4,0.0,0.7777777777777778
1523,2018,TB,5,11,0.0,0.3125
1524,2018,MIA,7,9,0.0,0.4375
1525,2018,TEN,9,7,0.0,0.5625
1526,2018,NE,14,5,0.0,0.7368421052631579
1527,2018,HOU,11,6,0.0,0.6470588235294118
1528,2018,CLE,7,8,0.5,0.46875
1529,2018,PIT,9,6,0.5,0.59375
1530,2018,BAL,10,7,0.0,0.5882352941176471
1531,2018,BUF,6,10,0.0,0.375
1532,2018,LAC,13,5,0.0,0.7222222222222222
1533,2018,KC,13,5,0.0,0.7222222222222222
1534,2018,DEN,6,10,0.0,0.375
1535,2018,SEA,10,7,0.0,0.5882352941176471
1536,2018,CAR,7,9,0.0,0.4375
1537,2018,DAL,11,7,0.0,0.6111111111111112
1538,2018,ARI,3,13,0.0,0.1875
1539,2018,WSH,7,9,0.0,0.4375
1540,2018,GB,6,9,0.5,0.40625
1541,2018,CHI,12,5,0.0,0.7058823529411765
1542,2018,DET,6,10,0.0,0.375
1543,2018,NYJ,4,12,0.0,0.25
1544,2018,OAK,4,12,0.0,0.25
1545,2018,LAR,15,4,0.0,0.7894736842105263
1546,2019,CHI,8,8,0.0,0.5
1547,2019,GB,14,4,0.0,0.7777777777777778
1548,2019,JAX,6,10,0.0,0.375
1549,2019,KC,15,4,0.0,0.7894736842105263
1550,2019,NYJ,7,9,0.0,0.4375
1551,2019,BUF,10,7,0.0,0.5882352941176471
1552,2019,PHI,9,8,0.0,0.5294117647058824
1553,2019,WSH,3,13,0.0,0.1875
1554,2019,CLE,6,10,0.0,0.375
1555,2019,TEN,11,8,0.0,0.5789473684210527
1556,2019,MIN,11,7,0.0,0.6111111111111112
1557,2019,ATL,7,9,0.0,0.4375
1558,2019,CAR,5,11,0.0,0.3125
1559,2019,LAR,9,7,0.0,0.5625
1560,2019,MIA,5,11,0.0,0.3125
1561,2019,BAL,14,3,0.0,0.8235294117647058
1562,2019,SEA,12,6,0.0,0.6666666666666666
1563,2019,CIN,2,14,0.0,0.125
1564,2019,LAC,5,11,0.0,0.3125
1565,2019,IND,7,9,0.0,0.4375
1566,2019,ARI,5,10,0.5,0.34375
1567,2019,DET,3,12,0.5,0.21875
1568,2019,TB,7,9,0.0,0.4375
1569,2019,SF,15,4,0.0,0.7894736842105263
1570,2019,DAL,8,8,0.0,0.5
1571,2019,NYG,4,12,0.0,0.25
1572,2019,NE,12,5,0.0,0.7058823529411765
1573,2019,PIT,8,8,0.0,0.5
1574,2019,NO,13,4,0.0,0.7647058823529411
1575,2019,HOU,11,7,0.0,0.6111111111111112
1576,2019,OAK,7,9,0.0,0.4375
1577,2019,DEN,7,9,0.0,0.4375
1578,2020,KC,16,3,0.0,0.8421052631578947
1579,2020,HOU,4,12,0.0,0.25
1580,2020,JAX,1,15,0.0,0.0625
1581,2020,IND,11,6,0.0,0.6470588235294118
1582,2020,DET,5,11,0.0,0.3125
1583,2020,CHI,8,9,0.0,0.47058823529411764
1584,2020,WSH,7,10,0.0,0.4117647058823529
1585,2020,PHI,4,11,0.5,0.28125
1586,2020,MIN,7,9,0.0,0.4375
1587,2020,GB,14,4,0.0,0.7777777777777778
1588,2020,BUF,15,4,0.0,0.7894736842105263
1589,2020,NYJ,2,14,0.0,0.125
1590,2020,ATL,4,12,0.0,0.25
1591,2020,SEA,12,5,0.0,0.7058823529411765
1592,2020,NE,7,9,0.0,0.4375
1593,2020,MIA,10,6,0.0,0.625
1594,2020,BAL,12,6,0.0,0.6666666666666666
1595,2020,CLE,12,6,0.0,0.6666666666666666
1596,2020,CAR,5,11,0.0,0.3125
1597,2020,OAK,8,8,0.0,0.5
1598,2020,CIN,4,11,0.5,0.28125
1599,2020,LAC,7,9,0.0,0.4375
1600,2020,NO,13,5,0.0,0.7222222222222222
1601,2020,TB,15,5,0.0,0.75
1602,2020,SF,6,10,0.0,0.375
1603,2020,ARI,8,8,0.0,0.5
1604,2020,LAR,11,7,0.0,0.6111111111111112
1605,2020,DAL,6,10,0.0,0.375
1606,2020,NYG,6,10,0.0,0.375
1607,2020,PIT,12,5,0.0,0.7058823529411765
1608,2020,DEN,5,11,0.0,0.3125
1609,2020,TEN,11,6,0.0,0.6470588235294118
1610,2021,TB,14,5,0.0,0.7368421052631579
1611,2021,DAL,12,6,0.0,0.6666666666666666
1612,2021,IND,9,8,0.0,0.5294117647058824
1613,2021,SEA,7,10,0.0,0.4117647058823529
1614,2021,TEN,12,6,0.0,0.6666666666666666
1615,2021,ARI,11,7,0.0,0.6111111111111112
1616,2021,DET,3,13,0.5,0.20588235294117646
1617,2021,SF,12,8,0.0,0.6
1618,2021,ATL,7,10,0.0,0.4117647058823529
1619,2021,PHI,9,9,0.0,0.5
1620,2021,CIN,13,8,0.0,0.6190476190476191
1621,2021,MIN,8,9,0.0,0.47058823529411764
1622,2021,BUF,12,7,0.0,0.631578947368421
1623,2021,PIT,9,8,0.5,0.5277777777777778
1624,2021,CAR,5,12,0.0,0.29411764705882354
1625,2021,NYJ,4,13,0.0,0.23529411764705882
1626,2021,WSH,7,10,0.0,0.4117647058823529
1627,2021,LAC,9,8,0.0,0.5294117647058824
1628,2021,HOU,4,13,0.0,0.23529411764705882
1629,2021,JAX,3,14,0.0,0.17647058823529413
1630,2021,NYG,4,13,0.0,0.23529411764705882
1631,2021,DEN,7,10,0.0,0.4117647058823529
1632,2021,KC,14,6,0.0,0.7
1633,2021,CLE,8,9,0.0,0.47058823529411764
1634,2021,NO,9,8,0.0,0.5294117647058824
1635,2021,GB,13,5,0.0,0.7222222222222222
1636,2021,NE,10,8,0.0,0.5555555555555556
1637,2021,MIA,9,8,0.0,0.5294117647058824
1638,2021,LAR,16,5,0.0,0.7619047619047619
1639,2021,CHI,6,11,0.0,0.35294117647058826
1640,2021,OAK,10,8,0.0,0.5555555555555556
1641,2021,BAL,8,9,0.0,0.47058823529411764
