,Rnd,Pick,Tm_x,Player,Pos,Age,To,AP1,PB,St,wAV,DrAV,G,Cmp,Att,Yds,TD,Int,Att.1,Yds.1,TD.1,Rec,Yds.2,TD.2,Solo,Int.1,Sk,College/Univ,Unnamed: 28,Round_x,Value,Tm_y,Year,Multiplier,AdjustedValue,AvgValue,AVoverAvg,Return_x,IPO Date,Symbol,Company Name,IPO Price,Current,Return_y,Sector,Industry,Country,Round_y,IPOMultiplier,AdjustedValueIPO,AvgValueIPO,AVoverAvgIPO
0,1,1,ARI,Kyler Murray\MurrKy00,QB,22,2021.0,0,2,3,44.0,44.0,46.0,1057.0,1581.0,11480.0,70.0,34.0,314.0,1786.0,20.0,0.0,7.0,0.0,,,,Oklahoma,College Stats,1,3000.0,Jacksonville Jaguars,2022.0,1.0,44.0,26.45,17.55,0.6635160680529301,"Mar 29, 2019",LYFT,"Lyft, Inc.",72.0,33.32,-0.537,Industrials,Road & Rail,United States,1,1.0,44.0,26.45,17.55
1,1,2,SFO,Nick Bosa\BosaNi00,DE,21,2021.0,0,2,2,24.0,24.0,35.0,0.0,0.0,0.0,0.0,0.0,0.0,0.0,0.0,0.0,0.0,0.0,75.0,1.0,24.5,Ohio St.,College Stats,1,2600.0,Detroit Lions,2022.0,0.8666666666666667,20.8,22.923333333333332,1.076666666666668,0.04696815471862737,"Jul 19, 2019",IFS,Intercorp Financial Services Inc.,46.0,31.6,-0.313,Financial Services,Banks-Regional,Peru,1,0.6388888888888888,15.333333333333332,16.89861111111111,7.101388888888891
2,1,3,NYJ,Quinnen Williams\WillQu00,DT,21,2021.0,0,0,3,16.0,16.0,41.0,0.0,0.0,0.0,0.0,0.0,0.0,0.0,0.0,0.0,0.0,0.0,83.0,,15.5,Alabama,College Stats,1,2200.0,Houston Texans,2022.0,0.7333333333333333,11.733333333333333,19.396666666666665,-3.3966666666666647,-0.17511599931259658,"May 3, 2019",RRBI,"Red River Bancshares, Inc.",45.0,54.29,0.20600000000000002,Financials,Banks,United States,1,0.625,10.0,16.53125,-0.53125
3,1,4,OAK,Clelin Ferrell\FerrCl00,DE,22,2021.0,0,0,2,11.0,11.0,42.0,0.0,0.0,0.0,0.0,0.0,0.0,0.0,0.0,0.0,0.0,0.0,50.0,,8.0,Clemson,College Stats,1,1800.0,New York Jets,2022.0,0.6,6.6,15.87,-4.869999999999999,-0.30686830497794576,"May 10, 2019",UBER,"Uber Technologies, Inc.",45.0,31.195,-0.307,Industrials,Road & Rail,United States,1,0.625,6.875,16.53125,-5.53125
4,1,5,TAM,Devin White\WhitDe02,LB,21,2021.0,0,1,3,32.0,32.0,45.0,0.0,0.0,0.0,0.0,0.0,0.0,0.0,0.0,0.0,0.0,0.0,242.0,1.0,15.0,LSU,College Stats,1,1700.0,New York Giants,2022.0,0.5666666666666667,18.133333333333333,14.988333333333333,17.011666666666667,1.1349938841321028,"Sep 12, 2019",TXG,"10X Genomics, Inc.",39.0,54.59,0.4,Health Care,Life Sciences Tools & Services,United States,1,0.5416666666666666,17.333333333333332,14.327083333333333,17.672916666666666
5,1,6,NYG,Daniel Jones\JoneDa05,QB,22,2021.0,0,0,3,24.0,24.0,38.0,796.0,1268.0,8398.0,45.0,29.0,172.0,1000.0,5.0,1.0,16.0,0.0,,,,Duke,College Stats,1,1600.0,Carolina Panthers,2022.0,0.5333333333333333,12.8,14.106666666666666,9.893333333333334,0.7013232514177695,"Apr 18, 2019",ZM,"Zoom Video Communications, Inc.",36.0,101.68,1.824,Information Technology,Software,United States,1,0.5,12.0,13.225,10.775
6,1,7,JAX,Josh Allen\AlleJo03,LB,22,2021.0,0,1,2,15.0,15.0,40.0,0.0,0.0,0.0,0.0,0.0,0.0,0.0,0.0,0.0,0.0,0.0,84.0,1.0,20.5,Kentucky,College Stats,1,1500.0,New York Giants,2022.0,0.5,7.5,13.225,1.7750000000000004,0.13421550094517962,"Jun 12, 2019",CRWD,"CrowdStrike Holdings, Inc.",34.0,207.12,5.092,Information Technology,Software,United States,1,0.4722222222222222,7.083333333333333,12.490277777777777,2.509722222222223
7,1,8,DET,T.J. Hockenson\HockTJ00,TE,22,2021.0,0,1,2,13.0,13.0,40.0,0.0,0.0,0.0,0.0,0.0,1.0,0.0,0.0,160.0,1673.0,12.0,2.0,,,Iowa,College Stats,1,1400.0,Atlanta Falcons,2022.0,0.4666666666666667,6.066666666666666,12.343333333333334,0.6566666666666663,0.05320010802052387,"Sep 26, 2019",PTON,"Peloton Interactive, Inc.",29.0,20.38,-0.297,Consumer Discretionary,Leisure Products,United States,1,0.4027777777777778,5.236111111111112,10.653472222222222,2.346527777777778
8,1,9,BUF,Ed Oliver\OlivEd00,DT,21,2021.0,0,0,2,23.0,23.0,49.0,0.0,0.0,0.0,0.0,0.0,0.0,0.0,0.0,0.0,0.0,0.0,76.0,,12.0,Houston,College Stats,1,1350.0,Denver Broncos,2022.0,0.45,10.35,11.9025,11.0975,0.9323671497584541,"Jul 25, 2019",LVGO,Livongo Health,28.0,139.77,1.3980000000000001,,,,1,0.3888888888888889,8.944444444444445,10.286111111111111,12.713888888888889
9,1,10,PIT,Devin Bush Jr.\BushDe01,LB,21,2021.0,0,0,1,17.0,17.0,35.0,0.0,0.0,0.0,0.0,0.0,0.0,0.0,0.0,0.0,0.0,0.0,129.0,2.0,4.0,Michigan,College Stats,1,1300.0,New York Jets,2022.0,0.43333333333333335,7.366666666666667,11.461666666666666,5.538333333333334,0.48320488585138877,"Dec 11, 2019",XP,XP Inc.,27.0,25.515,-0.055,Financials,Capital Markets,Brazil,1,0.375,6.375,9.91875,7.081250000000001
10,1,11,CIN,Jonah Williams\WillJo10,G,21,2021.0,0,0,2,13.0,13.0,26.0,0.0,0.0,0.0,0.0,0.0,0.0,0.0,0.0,0.0,0.0,0.0,,,,Alabama,College Stats,1,1250.0,Washington Commanders,2022.0,0.4166666666666667,5.416666666666667,11.020833333333334,1.979166666666666,0.1795841209829867,"Sep 19, 2019",DDOG,"Datadog, Inc.",27.0,119.98,3.444,Information Technology,Software,United States,1,0.375,4.875,9.91875,3.0812500000000007
11,1,12,GNB,Rashan Gary\GaryRa00,LB,21,2021.0,0,0,1,12.0,12.0,47.0,0.0,0.0,0.0,0.0,0.0,0.0,0.0,0.0,0.0,0.0,0.0,59.0,,16.5,Michigan,College Stats,1,1200.0,Minnesota Vikings,2022.0,0.4,4.800000000000001,10.58,1.42,0.1342155009451796,"Apr 4, 2019",TW,Tradeweb Markets Inc.,27.0,79.9,1.959,Financials,Capital Markets,United States,1,0.375,4.5,9.91875,2.0812500000000007
12,1,13,MIA,Christian Wilkins\WilkCh00,DT,23,2021.0,0,0,3,21.0,21.0,47.0,0.0,0.0,0.0,0.0,0.0,0.0,0.0,0.0,2.0,2.0,2.0,107.0,1.0,8.0,Clemson,College Stats,1,1150.0,Cleveland Browns,2022.0,0.38333333333333336,8.05,10.139166666666666,10.860833333333334,1.071176132160763,"May 8, 2019",PSN,Parsons Corporation,27.0,37.04,0.37200000000000005,Industrials,Aerospace & Defense,United States,1,0.375,7.875,9.91875,11.08125
13,1,14,ATL,Chris Lindstrom\LindCh00,G,22,2021.0,0,0,2,15.0,15.0,38.0,0.0,0.0,0.0,0.0,0.0,0.0,0.0,0.0,0.0,0.0,0.0,1.0,,,Boston Col.,College Stats,1,1100.0,Baltimore Ravens,2022.0,0.36666666666666664,5.5,9.698333333333332,5.301666666666668,0.5466575012888814,"Jul 25, 2019",HCAT,"Health Catalyst, Inc.",26.0,20.21,-0.223,Health Care,Health Care Technology,United States,1,0.3611111111111111,5.416666666666667,9.551388888888889,5.448611111111111
14,1,15,WAS,Dwayne Haskins\HaskDw00,QB,22,2020.0,0,0,0,4.0,4.0,16.0,267.0,444.0,2804.0,12.0,14.0,40.0,147.0,1.0,0.0,0.0,0.0,,,,Ohio St.,College Stats,1,1050.0,Philadelphia Eagles,2022.0,0.35,1.4,9.257499999999999,-5.2574999999999985,-0.5679179044018363,"Jun 20, 2019",WORK,"Slack Technologies, Inc.",26.0,45.2,0.452,,,,1,0.3611111111111111,1.4444444444444444,9.551388888888889,-5.551388888888889
15,1,16,CAR,Brian Burns\BurnBr00,DE,21,2021.0,0,1,2,19.0,19.0,48.0,0.0,0.0,0.0,0.0,0.0,0.0,0.0,0.0,0.0,0.0,0.0,85.0,,25.5,Florida St.,College Stats,1,1000.0,Philadelphia Eagles,2022.0,0.3333333333333333,6.333333333333333,8.816666666666666,10.183333333333334,1.1550094517958414,"Mar 28, 2019",WTRE,Watford Holdings Ltd.,25.26,34.99,0.35,,,,1,0.35083333333333333,6.6658333333333335,9.279541666666667,9.720458333333333
16,1,17,NYG,Dexter Lawrence\LawrDe03,DT,21,2021.0,0,0,2,19.0,19.0,48.0,0.0,0.0,0.0,0.0,0.0,0.0,0.0,0.0,0.0,0.0,0.0,81.0,,9.0,Clemson,College Stats,1,950.0,Los Angeles Chargers,2022.0,0.31666666666666665,6.016666666666667,8.375833333333333,10.624166666666667,1.2684310018903593,"May 2, 2019",BYND,Beyond Meat Inc,25.0,38.07,0.523,Consumer Staples,Food Products,United States,1,0.3472222222222222,6.597222222222222,9.184027777777777,9.815972222222223
17,1,18,MIN,Garrett Bradbury\BradGa00,C,24,2021.0,0,0,3,19.0,19.0,45.0,0.0,0.0,0.0,0.0,0.0,0.0,0.0,0.0,2.0,17.0,0.0,,,,North Carolina St.,College Stats,1,900.0,New Orleans Saints,2022.0,0.3,5.7,7.935,11.065000000000001,1.3944549464398237,"Apr 11, 2019",PD,"PagerDuty, Inc.",24.0,29.63,0.235,Information Technology,Software,United States,1,0.3333333333333333,6.333333333333333,8.816666666666666,10.183333333333334
18,1,19,TEN,Jeffery Simmons\SimmJe01,DT,22,2021.0,0,1,3,24.0,24.0,41.0,0.0,0.0,0.0,0.0,0.0,0.0,0.0,0.0,0.0,0.0,0.0,84.0,,13.5,Mississippi St.,College Stats,1,875.0,Philadelphia Eagles,2022.0,0.2916666666666667,7.0,7.714583333333334,16.285416666666666,2.110991088306778,"Sep 12, 2019",SDC,"SmileDirectClub, Inc.",23.0,2.03,-0.912,Health Care,Health Care Equipment & Supplies,United States,1,0.3194444444444444,7.666666666666666,8.449305555555554,15.550694444444446
19,1,20,DEN,Noah Fant\FantNo00,TE,21,2021.0,0,0,3,14.0,14.0,47.0,0.0,0.0,0.0,0.0,0.0,3.0,-12.0,0.0,170.0,1905.0,10.0,2.0,,,Iowa,College Stats,1,850.0,Pittsburgh Steelers,2022.0,0.2833333333333333,3.966666666666667,7.494166666666667,6.505833333333333,0.8681196486155899,"Jun 20, 2019",GO,Grocery Outlet Holding Corporation,22.0,33.02,0.501,Consumer Staples,Food & Staples Retailing,United States,1,0.3055555555555556,4.277777777777779,8.081944444444446,5.918055555555554
20,1,21,GNB,Darnell Savage Jr.\SavaDa00,S,22,2021.0,0,0,3,15.0,15.0,46.0,0.0,0.0,0.0,0.0,0.0,0.0,0.0,0.0,0.0,0.0,0.0,146.0,8.0,1.0,Maryland,College Stats,1,800.0,New England Patriots,2022.0,0.26666666666666666,4.0,7.053333333333333,7.946666666666667,1.1266540642722118,"Jun 14, 2019",CHWY,"Chewy, Inc.",22.0,34.82,0.583,Consumer Discretionary,Internet & Direct Marketing Retail,United States,1,0.3055555555555556,4.583333333333334,8.081944444444446,6.918055555555554
21,1,22,PHI,Andre Dillard\DillAn00,T,23,2021.0,0,0,0,6.0,6.0,31.0,0.0,0.0,0.0,0.0,0.0,0.0,0.0,0.0,0.0,0.0,0.0,,,,Washington St.,College Stats,1,780.0,Las Vegas Raiders,2022.0,0.26,1.56,6.877,-0.8769999999999998,-0.12752653773447722,"Jul 18, 2019",AMK,"AssetMark Financial Holdings, Inc.",22.0,20.36,-0.07400000000000001,Financials,Capital Markets,United States,1,0.3055555555555556,1.8333333333333335,8.081944444444446,-2.0819444444444457
22,1,23,HOU,Tytus Howard\HowaTy00,T,23,2021.0,0,0,3,17.0,17.0,37.0,0.0,0.0,0.0,0.0,0.0,0.0,0.0,0.0,0.0,0.0,0.0,,,,Alabama St.,,1,760.0,Arizona Cardinals,2022.0,0.25333333333333335,4.306666666666667,6.700666666666667,10.299333333333333,1.5370609889563227,"Dec 12, 2019",BILL,"Bill.com Holdings, Inc.",22.0,175.11,6.96,Information Technology,Software,United States,1,0.3055555555555556,5.194444444444445,8.081944444444446,8.918055555555554
23,1,24,OAK,Josh Jacobs\JacoJo01,RB,21,2021.0,0,1,3,22.0,22.0,43.0,0.0,0.0,0.0,0.0,0.0,732.0,3087.0,28.0,107.0,752.0,0.0,1.0,,,Alabama,College Stats,1,740.0,Dallas Cowboys,2022.0,0.24666666666666667,5.426666666666667,6.524333333333334,15.475666666666665,2.37199202983702,"Mar 27, 2019",GNFT,Genfit S.A.,22.0,3.78,-0.828,Health Care,Biotechnology,France,1,0.3055555555555556,6.722222222222223,8.081944444444446,13.918055555555554
24,1,25,BAL,Marquise Brown\BrowMa04,WR,22,2021.0,0,0,2,24.0,24.0,46.0,0.0,0.0,0.0,0.0,0.0,2.0,6.0,0.0,195.0,2361.0,21.0,,,,Oklahoma,College Stats,1,720.0,Buffalo Bills,2022.0,0.24,5.76,6.348,17.652,2.780718336483932,"Sep 18, 2019",NVST,Envista Holdings Corporation,22.0,43.39,0.972,Health Care,Health Care Equipment & Supplies,United States,1,0.3055555555555556,7.333333333333334,8.081944444444446,15.918055555555554
25,1,26,WAS,Montez Sweat\SweaMo00,DE,23,2021.0,0,0,2,19.0,19.0,42.0,0.0,0.0,0.0,0.0,0.0,0.0,0.0,0.0,0.0,0.0,0.0,72.0,1.0,21.0,Mississippi St.,College Stats,1,700.0,Tennessee Titans,2022.0,0.23333333333333334,4.433333333333334,6.171666666666667,12.828333333333333,2.078584931136916,"Sep 13, 2019",ALRS,Alerus Financial Corporation,21.0,26.27,0.251,Financials,Diversified Financial Services,United States,1,0.2916666666666667,5.541666666666667,7.714583333333334,11.285416666666666
26,1,27,OAK,Johnathan Abram\AbraJo01,S,22,2021.0,0,0,2,9.0,9.0,28.0,0.0,0.0,0.0,0.0,0.0,0.0,0.0,0.0,0.0,0.0,0.0,125.0,3.0,,Mississippi St.,College Stats,1,680.0,Tampa Bay Buccaneers,2022.0,0.22666666666666666,2.04,5.995333333333333,3.004666666666667,0.5011675747803849,"Jun 13, 2019",FVRR,Fiverr International Ltd.,21.0,55.21,1.629,Consumer Discretionary,Internet & Direct Marketing Retail,Israel,1,0.2916666666666667,2.625,7.714583333333334,1.2854166666666664
27,1,28,LAC,Jerry Tillery\TillJe00,DT,22,2021.0,0,0,1,14.0,14.0,47.0,0.0,0.0,0.0,0.0,0.0,0.0,0.0,0.0,0.0,0.0,0.0,52.0,,9.5,Notre Dame,College Stats,1,660.0,Green Bay Packers,2022.0,0.22,3.08,5.819,8.181000000000001,1.4059116686715933,"Jul 19, 2019",MDLA,"Medallia, Inc.",21.0,33.99,0.34,,,,1,0.2916666666666667,4.083333333333334,7.714583333333334,6.285416666666666
28,1,29,SEA,L.J. Collier\CollLJ00,DE,23,2021.0,0,0,1,8.0,8.0,37.0,0.0,0.0,0.0,0.0,0.0,0.0,0.0,0.0,0.0,0.0,0.0,21.0,,3.0,TCU,College Stats,1,640.0,Miami Dolphins,2022.0,0.21333333333333335,1.7066666666666668,5.642666666666667,2.357333333333333,0.4177693761814744,"Jun 28, 2019",REAL,"The RealReal, Inc.",20.0,6.165,-0.6920000000000001,Consumer Discretionary,Internet & Direct Marketing Retail,United States,1,0.2777777777777778,2.2222222222222223,7.347222222222222,0.6527777777777777
29,1,30,NYG,Deandre Baker\BakeDe00,CB,22,2021.0,0,0,1,6.0,5.0,26.0,0.0,0.0,0.0,0.0,0.0,0.0,0.0,0.0,0.0,0.0,0.0,65.0,,1.0,Georgia,College Stats,1,620.0,Kansas City Chiefs,2022.0,0.20666666666666667,1.24,5.466333333333333,0.533666666666667,0.09762790414049644,"Apr 4, 2019",SILK,"Silk Road Medical, Inc.",20.0,37.65,0.882,Health Care,Health Care Equipment & Supplies,United States,1,0.2777777777777778,1.6666666666666667,7.347222222222222,-1.3472222222222223
30,1,31,ATL,Kaleb McGary\McGaKa00,T,24,2021.0,0,0,3,21.0,21.0,46.0,0.0,0.0,0.0,0.0,0.0,0.0,0.0,0.0,1.0,-3.0,0.0,,,,Washington,College Stats,1,600.0,Cincinnati Bengals,2022.0,0.2,4.2,5.29,15.71,2.9697542533081287,"Oct 11, 2019",VIR,"Vir Biotechnology, Inc.",20.0,21.59,0.08,Health Care,Biotechnology,United States,1,0.2777777777777778,5.833333333333334,7.347222222222222,13.652777777777779
31,1,32,NWE,N'Keal Harry\HarrNK00,WR,21,2021.0,0,0,1,6.0,6.0,33.0,0.0,0.0,0.0,0.0,0.0,7.0,49.0,0.0,57.0,598.0,4.0,,,,Arizona St.,College Stats,1,590.0,Detroit Lions,2022.0,0.19666666666666666,1.18,5.201833333333333,0.7981666666666669,0.15343949248662336,"Jun 27, 2019",ADPT,Adaptive Biotechnologies Corporation,20.0,9.24,-0.5379999999999999,Health Care,Life Sciences Tools & Services,United States,1,0.2777777777777778,1.6666666666666667,7.347222222222222,-1.3472222222222223
32,2,33,ARI,Byron Murphy\MurpBy00,CB,21,2021.0,0,0,2,15.0,15.0,47.0,0.0,0.0,0.0,0.0,0.0,0.0,0.0,0.0,0.0,0.0,0.0,155.0,5.0,2.5,Washington,College Stats,2,580.0,Jacksonville Jaguars,2022.0,0.19333333333333333,2.9,5.113666666666666,9.886333333333333,1.9333159507202922,"May 9, 2019",AXLA,"Axcella Health, Inc.",20.0,1.79,-0.91,Health Care,Biotechnology,United States,2,0.2777777777777778,4.166666666666667,7.347222222222222,7.652777777777778
33,2,34,IND,Rock Ya-Sin\Ya-SRo00,CB,23,2021.0,0,0,0,11.0,11.0,41.0,0.0,0.0,0.0,0.0,0.0,0.0,0.0,0.0,0.0,0.0,0.0,117.0,2.0,,Temple,College Stats,2,560.0,Detroit Lions,2022.0,0.18666666666666668,2.0533333333333332,4.937333333333333,6.062666666666667,1.2279233054280314,"Oct 3, 2019",VIE,Viela Bio,19.0,53.01,0.53,,,,2,0.2638888888888889,2.9027777777777777,6.979861111111111,4.020138888888889
34,2,35,JAX,Jawaan Taylor\TaylJa02,T,21,2021.0,0,0,3,19.0,19.0,49.0,0.0,0.0,0.0,0.0,0.0,0.0,0.0,0.0,0.0,0.0,0.0,,,,Florida,College Stats,2,550.0,New York Jets,2022.0,0.18333333333333332,3.483333333333333,4.849166666666666,14.150833333333335,2.9181990032651663,"Jul 24, 2019",EIC,"Eagle Point Income Company, Inc.",19.0,16.535,-0.13,Finance and Insurance,Securities and Commodity Exchanges,United States,2,0.2638888888888889,5.013888888888889,6.979861111111111,12.020138888888889
35,2,36,SFO,Deebo Samuel\SamuDe00,WR,23,2021.0,1,1,2,26.0,26.0,38.0,1.0,2.0,24.0,1.0,0.0,81.0,550.0,11.0,167.0,2598.0,10.0,1.0,,,South Carolina,College Stats,2,540.0,New York Giants,2022.0,0.18,4.68,4.761,21.239,4.4610375971434575,"Oct 25, 2019",PHAT,"Phathom Pharmaceuticals, Inc.",19.0,13.6,-0.284,Health Care,Pharmaceuticals,United States,2,0.2638888888888889,6.861111111111112,6.979861111111111,19.020138888888887
36,2,37,CAR,Greg Little\LittGr01,T,21,2020.0,0,0,0,3.0,3.0,14.0,0.0,0.0,0.0,0.0,0.0,0.0,0.0,0.0,0.0,0.0,0.0,,,,Mississippi,College Stats,2,530.0,Houston Texans,2022.0,0.17666666666666667,0.53,4.672833333333333,-1.6728333333333332,-0.357991225880087,"Jul 19, 2019",AFYA,Afya Limited,19.0,13.45,-0.292,Consumer Discretionary,Diversified Consumer Services,Brazil,2,0.2638888888888889,0.7916666666666667,6.979861111111111,-3.979861111111111
37,2,38,BUF,Cody Ford\FordCo00,T,22,2021.0,0,0,1,13.0,13.0,38.0,0.0,0.0,0.0,0.0,0.0,0.0,0.0,0.0,0.0,0.0,0.0,1.0,,,Oklahoma,College Stats,2,520.0,New York Jets,2022.0,0.17333333333333334,2.2533333333333334,4.584666666666667,8.415333333333333,1.8355387523629487,"Apr 18, 2019",PINS,"Pinterest, Inc.",19.0,19.775,0.040999999999999995,Communication Services,Interactive Media & Services,United States,2,0.2638888888888889,3.430555555555556,6.979861111111111,6.020138888888889
38,2,39,TAM,Sean Murphy-Bunting\BuntSe00,CB,22,2021.0,0,0,1,12.0,12.0,41.0,0.0,0.0,0.0,0.0,0.0,0.0,0.0,0.0,0.0,0.0,0.0,120.0,4.0,1.0,Central Michigan,College Stats,2,510.0,Chicago Bears,2022.0,0.17,2.04,4.4965,7.5035,1.6687423551651284,"Feb 7, 2019",ALEC,"Alector, Inc.",19.0,10.6,-0.442,Health Care,Biotechnology,United States,2,0.2638888888888889,3.166666666666667,6.979861111111111,5.020138888888889
39,2,40,OAK,Trayvon Mullen\MullTr00,CB,21,2021.0,0,0,2,10.0,10.0,37.0,0.0,0.0,0.0,0.0,0.0,0.0,0.0,0.0,0.0,0.0,0.0,115.0,4.0,,Clemson,College Stats,2,500.0,Denver Broncos,2022.0,0.16666666666666666,1.6666666666666665,4.408333333333333,5.591666666666667,1.2684310018903593,"Nov 22, 2019",PINE,"Alpine Income Property Trust, Inc.",19.0,19.35,0.018000000000000002,Real Estate,Equity Real Estate Investment Trusts (REITs),United States,2,0.2638888888888889,2.638888888888889,6.979861111111111,3.020138888888889
40,2,41,DEN,Dalton Risner\RisnDa00,T,24,2021.0,0,0,3,17.0,17.0,47.0,0.0,0.0,0.0,0.0,0.0,0.0,0.0,0.0,0.0,0.0,0.0,,,,Kansas St.,College Stats,2,490.0,Seattle Seahawks,2022.0,0.16333333333333333,2.7766666666666664,4.320166666666666,12.679833333333335,2.935033370626134,"Sep 13, 2019",SWTX,"Springworks Therapeutics, Inc.",18.0,47.97,1.665,Health Care,Biotechnology,United States,2,0.25,4.25,6.6125,10.3875
41,2,42,DEN,Drew Lock\LockDr00,QB,22,2021.0,0,0,1,12.0,12.0,24.0,421.0,710.0,4740.0,25.0,20.0,72.0,285.0,5.0,1.0,1.0,0.0,1.0,,,Missouri,College Stats,2,480.0,Washington Commanders,2022.0,0.16,1.92,4.232,7.768,1.8355387523629487,"Jun 7, 2019",RVLV,"Revolve Group, Inc.",18.0,45.92,1.551,Consumer Discretionary,Internet & Direct Marketing Retail,United States,2,0.25,3.0,6.6125,5.3875
42,2,43,DET,Jahlani Tavai\TavaJa00,LB,22,2021.0,0,0,1,10.0,8.0,44.0,0.0,0.0,0.0,0.0,0.0,0.0,0.0,0.0,0.0,0.0,0.0,75.0,1.0,2.0,Hawaii,College Stats,2,470.0,Atlanta Falcons,2022.0,0.15666666666666668,1.5666666666666669,4.143833333333333,5.856166666666667,1.4132244700961267,"Jun 19, 2019",STOK,"Stoke Therapeutics, Inc.",18.0,17.65,-0.019,Health Care,Biotechnology,United States,2,0.25,2.5,6.6125,3.3875
43,2,44,GNB,Elgton Jenkins\JenkEl00,C,23,2021.0,0,1,2,22.0,22.0,40.0,0.0,0.0,0.0,0.0,0.0,0.0,0.0,0.0,0.0,0.0,0.0,,,,Mississippi St.,College Stats,2,460.0,Cleveland Browns,2022.0,0.15333333333333332,3.373333333333333,4.055666666666666,17.944333333333333,4.4245089175639025,"Apr 17, 2019",TPTX,"Turning Point Therapeutics, Inc.",18.0,31.345,0.741,Health Care,Biotechnology,United States,2,0.25,5.5,6.6125,15.3875
44,2,45,NWE,Joejuan Williams\WillJo13,CB,21,2021.0,0,0,0,3.0,3.0,36.0,0.0,0.0,0.0,0.0,0.0,0.0,0.0,0.0,0.0,0.0,0.0,31.0,,,Vanderbilt,College Stats,2,450.0,Baltimore Ravens,2022.0,0.15,0.44999999999999996,3.9675,-0.9674999999999998,-0.24385633270321358,"Apr 18, 2019",MNRL,"Brigham Minerals, Inc.",18.0,26.315,0.462,Energy,"Oil, Gas & Consumable Fuels",United States,2,0.25,0.75,6.6125,-3.6125
45,2,46,CLE,Greedy Williams\WillGr00,CB,21,2021.0,0,0,1,7.0,7.0,28.0,0.0,0.0,0.0,0.0,0.0,0.0,0.0,0.0,0.0,0.0,0.0,72.0,2.0,,LSU,College Stats,2,440.0,Minnesota Vikings,2022.0,0.14666666666666667,1.0266666666666666,3.8793333333333333,3.1206666666666667,0.8044337515036948,"May 9, 2019",SPFI,"South Plains Financial, Inc.",17.5,25.69,0.46799999999999997,Financials,Banks,United States,2,0.24305555555555555,1.7013888888888888,6.428819444444444,0.5711805555555562
46,2,47,SEA,Marquise Blair\BlaiMa01,S,22,2021.0,0,0,0,2.0,2.0,22.0,0.0,0.0,0.0,0.0,0.0,0.0,0.0,0.0,0.0,0.0,0.0,34.0,,,Utah,College Stats,2,430.0,Indianapolis Colts,2022.0,0.14333333333333334,0.2866666666666667,3.791166666666667,-1.7911666666666668,-0.47245790653712577,"May 23, 2019",RTLR,Rattler Midstream LP,17.5,14.04,-0.198,Energy,"Oil, Gas & Consumable Fuels",United States,2,0.24305555555555555,0.4861111111111111,6.428819444444444,-4.428819444444444
47,2,48,NOR,Erik McCoy\McCoEr01,C,22,2021.0,0,0,3,19.0,19.0,44.0,0.0,0.0,0.0,0.0,0.0,0.0,0.0,0.0,0.0,0.0,0.0,,,,Texas A&M,College Stats,2,420.0,Los Angeles Chargers,2022.0,0.14,2.66,3.7030000000000003,15.297,4.130974885228193,"Jul 18, 2019",IHRT,"iHeartMedia, Inc.",17.0,17.53,0.031,Communication Services,Media,United States,2,0.2361111111111111,4.486111111111111,6.245138888888889,12.754861111111111
48,2,49,IND,Ben Banogu\BanoBe00,LB,23,2021.0,0,0,0,3.0,3.0,34.0,0.0,0.0,0.0,0.0,0.0,0.0,0.0,0.0,0.0,0.0,0.0,10.0,,2.5,TCU,College Stats,2,410.0,New Orleans Saints,2022.0,0.13666666666666666,0.41,3.614833333333333,-0.6148333333333329,-0.1700862188206002,"May 9, 2019",CRTX,"Cortexyme, Inc.",17.0,3.78,-0.778,Health Care,Biotechnology,United States,2,0.2361111111111111,0.7083333333333333,6.245138888888889,-3.2451388888888886
49,2,50,MIN,Irv Smith Jr.\SmitIr01,TE,21,2020.0,0,0,0,6.0,6.0,29.0,0.0,0.0,0.0,0.0,0.0,0.0,0.0,0.0,66.0,676.0,7.0,2.0,,,Alabama,College Stats,2,400.0,Miami Dolphins,2022.0,0.13333333333333333,0.8,3.5266666666666664,2.4733333333333336,0.7013232514177695,"Jul 18, 2019",PHR,"Phreesia, Inc.",17.0,25.48,0.499,Health Care,Health Care Technology,United States,2,0.2361111111111111,1.4166666666666665,6.245138888888889,-0.24513888888888857
50,2,51,TEN,A.J. Brown\BrowAJ00,WR,22,2021.0,0,1,3,30.0,30.0,43.0,0.0,2.0,0.0,0.0,0.0,5.0,70.0,1.0,185.0,2995.0,24.0,2.0,,,Mississippi,College Stats,2,390.0,Philadelphia Eagles,2022.0,0.13,3.9000000000000004,3.4385,26.5615,7.724734622655228,"Jun 20, 2019",PSNL,"Personalis, Inc.",17.0,5.98,-0.648,Health Care,Life Sciences Tools & Services,United States,2,0.2361111111111111,7.083333333333333,6.245138888888889,23.75486111111111
51,2,52,CIN,Drew Sample\SampDr00,TE,23,2021.0,0,0,1,4.0,4.0,42.0,0.0,0.0,0.0,0.0,0.0,0.0,0.0,0.0,56.0,460.0,1.0,1.0,,,Washington,College Stats,2,380.0,Pittsburgh Steelers,2022.0,0.12666666666666668,0.5066666666666667,3.3503333333333334,0.6496666666666666,0.19391105362650482,"Mar 7, 2019",SWAV,"ShockWave Medical, Inc.",17.0,182.98,9.764,Health Care,Health Care Equipment & Supplies,United States,2,0.2361111111111111,0.9444444444444444,6.245138888888889,-2.2451388888888886
52,2,53,PHI,Miles Sanders\SandMi01,RB,22,2021.0,0,0,3,20.0,20.0,40.0,0.0,0.0,0.0,0.0,0.0,480.0,2439.0,9.0,104.0,864.0,3.0,,,,Penn St.,College Stats,2,370.0,Las Vegas Raiders,2022.0,0.12333333333333334,2.466666666666667,3.262166666666667,16.737833333333334,5.130894599703673,"Dec 13, 2019",SPT,"Sprout Social, Inc.",17.0,62.97,2.7039999999999997,Information Technology,Software,United States,2,0.2361111111111111,4.722222222222222,6.245138888888889,13.754861111111111
53,2,54,HOU,Lonnie Johnson Jr.\JohnLo01,CB,23,2021.0,0,0,0,8.0,8.0,44.0,0.0,0.0,0.0,0.0,0.0,0.0,0.0,0.0,0.0,0.0,0.0,128.0,3.0,,Kentucky,College Stats,2,360.0,New England Patriots,2022.0,0.12,0.96,3.174,4.8260000000000005,1.5204788909892881,"Mar 21, 2019",LEVI,Levi Strauss & Co.,17.0,19.265,0.133,Consumer Discretionary,"Textiles, Apparel & Luxury Goods",United States,2,0.2361111111111111,1.8888888888888888,6.245138888888889,1.7548611111111114
54,2,55,HOU,Max Scharping\SchaMa01,T,23,2021.0,0,0,3,16.0,16.0,48.0,0.0,0.0,0.0,0.0,0.0,0.0,0.0,0.0,0.0,7.0,0.0,,,,Northern Illinois,College Stats,2,350.0,Arizona Cardinals,2022.0,0.11666666666666667,1.8666666666666667,3.0858333333333334,12.914166666666667,4.184985147177963,"Jun 20, 2019",BCEL,"Atreca, Inc.",17.0,2.43,-0.857,Health Care,Biotechnology,United States,2,0.2361111111111111,3.7777777777777777,6.245138888888889,9.754861111111111
55,2,56,KAN,Mecole Hardman\HardMe00,WR,21,2021.0,0,1,0,19.0,19.0,49.0,0.0,0.0,0.0,0.0,0.0,16.0,94.0,0.0,126.0,1791.0,12.0,1.0,,,Georgia,College Stats,2,340.0,Dallas Cowboys,2022.0,0.11333333333333333,2.1533333333333333,2.9976666666666665,16.002333333333333,5.33826309351718,"Jun 27, 2019",BBIO,"BridgeBio Pharma, Inc.",17.0,10.13,-0.40399999999999997,Health Care,Biotechnology,United States,2,0.2361111111111111,4.486111111111111,6.245138888888889,12.754861111111111
56,2,57,PHI,JJ Arcega-Whiteside\ArceJJ00,WR,22,2021.0,0,0,0,2.0,2.0,40.0,0.0,0.0,0.0,0.0,0.0,0.0,0.0,0.0,16.0,290.0,1.0,4.0,,,Stanford,College Stats,2,330.0,Buffalo Bills,2022.0,0.11,0.22,2.9095,-0.9095,-0.3125966660938305,"Apr 18, 2019",GNLN,"Greenlane Holdings, Inc.",17.0,0.379,-0.978,Consumer Discretionary,Distributors,United States,2,0.2361111111111111,0.4722222222222222,6.245138888888889,-4.245138888888889
57,2,58,DAL,Trysten Hill\HillTr00,DT,21,2021.0,0,0,0,4.0,4.0,18.0,0.0,0.0,0.0,0.0,0.0,0.0,0.0,0.0,0.0,0.0,0.0,17.0,,0.5,Central Florida,College Stats,2,320.0,Atlanta Falcons,2022.0,0.10666666666666667,0.4266666666666667,2.8213333333333335,1.1786666666666665,0.4177693761814744,"May 17, 2019",LKNCY,"Luckin Coffee, Inc.",17.0,8.036,-0.527,Consumer Cyclical,Restaurants,China,2,0.2361111111111111,0.9444444444444444,6.245138888888889,-2.2451388888888886
58,2,59,IND,Parris Campbell\CampPa00,WR,22,2021.0,0,0,0,4.0,4.0,15.0,0.0,0.0,0.0,0.0,0.0,6.0,50.0,0.0,34.0,360.0,2.0,,,,Ohio St.,College Stats,2,310.0,Green Bay Packers,2022.0,0.10333333333333333,0.41333333333333333,2.7331666666666665,1.2668333333333335,0.4635038721873286,"May 15, 2019",PSTL,"Postal Realty Trust, Inc.",17.0,17.53,0.031,Real Estate,Equity Real Estate Investment Trusts (REITs),United States,2,0.2361111111111111,0.9444444444444444,6.245138888888889,-2.2451388888888886
59,2,60,LAC,Nasir Adderley\AddeNa00,S,22,2021.0,0,0,2,9.0,9.0,34.0,0.0,0.0,0.0,0.0,0.0,0.0,0.0,0.0,0.0,0.0,0.0,129.0,1.0,0.5,Delaware,,2,300.0,Tampa Bay Buccaneers,2022.0,0.1,0.9,2.645,6.355,2.402646502835539,"Oct 25, 2019",DAO,"Youdao, Inc.",17.0,6.23,-0.634,Consumer Discretionary,Diversified Consumer Services,United States,2,0.2361111111111111,2.125,6.245138888888889,2.7548611111111114
60,2,61,LAR,Taylor Rapp\RappTa00,S,21,2021.0,0,0,2,14.0,14.0,41.0,0.0,0.0,0.0,0.0,0.0,0.0,0.0,0.0,0.0,0.0,0.0,158.0,7.0,1.5,Washington,College Stats,2,292.0,San Francisco 49ers,2022.0,0.09733333333333333,1.3626666666666667,2.5744666666666665,11.425533333333334,4.438019525079628,"May 9, 2019",MEC,"Mayville Engineering Company, Inc.",17.0,8.67,-0.49,Materials,Metals & Mining,United States,2,0.2361111111111111,3.3055555555555554,6.245138888888889,7.754861111111111
61,2,62,ARI,Andy Isabella\IsabAn00,WR,22,2021.0,0,0,0,4.0,4.0,36.0,0.0,0.0,0.0,0.0,0.0,5.0,9.0,0.0,31.0,426.0,3.0,2.0,,,Massachusetts,College Stats,2,284.0,Kansas City Chiefs,2022.0,0.09466666666666666,0.37866666666666665,2.5039333333333333,1.4960666666666667,0.5974866210495487,"Jun 20, 2019",PRVL,Prevail Therapeutics Inc.,17.0,23.0,0.23,,,,2,0.2361111111111111,0.9444444444444444,6.245138888888889,-2.2451388888888886
62,2,63,KAN,Juan Thornhill\ThorJu00,S,23,2021.0,0,0,3,13.0,13.0,49.0,0.0,0.0,0.0,0.0,0.0,0.0,0.0,0.0,0.0,0.0,0.0,118.0,5.0,,Virginia,College Stats,2,276.0,Cincinnati Bengals,2022.0,0.092,1.196,2.4334,10.566600000000001,4.342319388509905,"Nov 5, 2019",QK,Q&K International Group Ltd.,17.0,1.0490000000000002,-0.938,Real Estate,Real Estate Management & Development,United States,2,0.2361111111111111,3.069444444444444,6.245138888888889,6.754861111111111
63,2,64,SEA,D.K. Metcalf\MetcDK00,WR,21,2021.0,0,1,3,29.0,29.0,49.0,0.0,0.0,0.0,0.0,0.0,3.0,17.0,0.0,216.0,3170.0,29.0,1.0,,,Mississippi,College Stats,2,270.0,Denver Broncos,2022.0,0.09,2.61,2.3805,26.6195,11.182314639781557,"Jun 28, 2019",KRTX,"Karuna Therapeutics, Inc.",16.0,123.75,6.734,Health Care,Biotechnology,United States,2,0.2222222222222222,6.444444444444444,5.877777777777777,23.122222222222224
64,3,65,ARI,Zach Allen\AlleZa01,DE,22,2021.0,0,0,2,12.0,12.0,32.0,0.0,0.0,0.0,0.0,0.0,0.0,0.0,0.0,0.0,0.0,0.0,56.0,1.0,6.0,Boston Col.,College Stats,3,265.0,Jacksonville Jaguars,2022.0,0.08833333333333333,1.06,2.3364166666666666,9.663583333333333,4.136070192959304,"Aug 1, 2019",DT,"Dynatrace, Inc.",16.0,40.51,1.5319999999999998,Information Technology,Software,United States,3,0.2222222222222222,2.6666666666666665,5.877777777777777,6.122222222222223
65,3,66,PIT,Diontae Johnson\JohnDi01,WR,23,2021.0,0,1,3,22.0,22.0,47.0,0.0,0.0,0.0,0.0,0.0,12.0,109.0,0.0,254.0,2764.0,20.0,,,,Toledo,College Stats,3,260.0,Detroit Lions,2022.0,0.08666666666666667,1.9066666666666667,2.2923333333333336,19.707666666666668,8.59720808492075,"Jun 20, 2019",AKRO,"Akero Therapeutics, Inc.",16.0,10.38,-0.35100000000000003,Health Care,Biotechnology,United States,3,0.2222222222222222,4.888888888888888,5.877777777777777,16.122222222222224
66,3,67,SFO,Jalen Hurd\HurdJa00,WR,23,,0,0,0,,,,,,,,,,,,,,,,,,Baylor,College Stats,3,255.0,New York Giants,2022.0,0.085,,2.24825,,,"Jul 25, 2019",CSTL,"Castle Biosciences, Inc.",16.0,22.87,0.429,Health Care,Biotechnology,United States,3,0.2222222222222222,,5.877777777777777,
67,3,68,NYJ,Jachai Polite\PoliJa00,LB,22,2020.0,0,0,0,1.0,,11.0,0.0,0.0,0.0,0.0,0.0,0.0,0.0,0.0,0.0,0.0,0.0,3.0,,1.0,Florida,College Stats,3,250.0,Houston Texans,2022.0,0.08333333333333333,0.08333333333333333,2.2041666666666666,-1.2041666666666666,-0.5463137996219282,"Jul 18, 2019",FULC,"Fulcrum Therapeutics, Inc.",16.0,11.02,-0.311,Health Care,Pharmaceuticals,United States,3,0.2222222222222222,0.2222222222222222,5.877777777777777,-4.877777777777777
68,3,69,JAX,Josh Oliver\OlivJo00,TE,22,2021.0,0,0,0,1.0,0.0,18.0,0.0,0.0,0.0,0.0,0.0,0.0,0.0,0.0,12.0,81.0,0.0,2.0,,,San Jose St.,College Stats,3,245.0,New York Jets,2022.0,0.08166666666666667,0.08166666666666667,2.160083333333333,-1.1600833333333331,-0.5370548975733961,"Apr 4, 2019",NGM,"NGM Biopharmaceuticals, Inc.",16.0,14.88,-0.07,Health Care,Pharmaceuticals,United States,3,0.2222222222222222,0.2222222222222222,5.877777777777777,-4.877777777777777
69,3,70,LAR,Darrell Henderson\HendDa00,RB,22,2021.0,0,0,1,11.0,11.0,40.0,0.0,0.0,0.0,0.0,0.0,326.0,1459.0,10.0,49.0,372.0,4.0,,,,Memphis,College Stats,3,240.0,Jacksonville Jaguars,2022.0,0.08,0.88,2.116,8.884,4.198487712665407,"Sep 18, 2019",IGMS,"IGM Biosciences, Inc.",16.0,18.18,0.136,Health Care,Biotechnology,United States,3,0.2222222222222222,2.444444444444444,5.877777777777777,5.122222222222223
70,3,71,DEN,Dre'Mont Jones\JoneDr00,DT,22,2021.0,0,0,1,12.0,12.0,43.0,0.0,0.0,0.0,0.0,0.0,0.0,0.0,0.0,0.0,0.0,0.0,52.0,1.0,15.5,Ohio St.,College Stats,3,235.0,Chicago Bears,2022.0,0.07833333333333334,0.9400000000000001,2.0719166666666666,9.928083333333333,4.791738728230705,"Nov 11, 2019",ETNB,"89bio, Inc.",16.0,2.67,-0.833,Health Care,Biotechnology,United States,3,0.2222222222222222,2.6666666666666665,5.877777777777777,6.122222222222223
71,3,72,CIN,Germaine Pratt\PratGe00,LB,23,2021.0,0,0,3,19.0,19.0,47.0,0.0,0.0,0.0,0.0,0.0,0.0,0.0,0.0,0.0,0.0,0.0,162.0,1.0,0.5,North Carolina St.,College Stats,3,230.0,Seattle Seahawks,2022.0,0.07666666666666666,1.4566666666666666,2.027833333333333,16.972166666666666,8.369606312155833,"Feb 8, 2019",GOSS,"Gossamer Bio, Inc.",16.0,8.89,-0.444,Health Care,Biotechnology,United States,3,0.2222222222222222,4.222222222222222,5.877777777777777,13.122222222222224
72,3,73,CHI,David Montgomery\MontDa01,RB,22,2021.0,0,0,2,21.0,21.0,44.0,0.0,1.0,0.0,0.0,1.0,714.0,2808.0,21.0,121.0,924.0,3.0,,,,Iowa St.,College Stats,3,225.0,Washington Commanders,2022.0,0.075,1.575,1.98375,19.01625,9.58601134215501,"Oct 11, 2019",HBT,"HBT Financial, Inc.",16.0,18.195,0.13699999999999998,Financials,Banks,United States,3,0.2222222222222222,4.666666666666666,5.877777777777777,15.122222222222224
73,3,74,BUF,Devin Singletary\SingDe00,RB,22,2021.0,0,0,3,20.0,20.0,45.0,0.0,0.0,0.0,0.0,0.0,495.0,2332.0,11.0,107.0,691.0,3.0,1.0,,,Florida Atlantic,College Stats,3,220.0,Atlanta Falcons,2022.0,0.07333333333333333,1.4666666666666668,1.9396666666666667,18.060333333333332,9.311050008592542,"Mar 28, 2019",DTIL,"Precision BioSciences, Inc.",16.0,2.3,-0.856,Health Care,Biotechnology,United States,3,0.2222222222222222,4.444444444444445,5.877777777777777,14.122222222222224
74,3,75,GNB,Jace Sternberger\SterJa00,TE,23,2020.0,0,0,0,1.0,1.0,18.0,0.0,0.0,0.0,0.0,0.0,0.0,0.0,0.0,12.0,114.0,1.0,,,,Texas A&M,College Stats,3,215.0,Denver Broncos,2022.0,0.07166666666666667,0.07166666666666667,1.8955833333333334,-0.8955833333333334,-0.47245790653712577,"May 17, 2019",FSLY,"Fastly, Inc.",16.0,17.08,0.068,Information Technology,IT Services,United States,3,0.2222222222222222,0.2222222222222222,5.877777777777777,-4.877777777777777
75,3,76,WAS,Terry McLaurin\McLaTe00,WR,23,2021.0,0,0,3,23.0,23.0,46.0,0.0,0.0,0.0,0.0,0.0,3.0,42.0,0.0,222.0,3090.0,16.0,2.0,,,Ohio St.,College Stats,3,210.0,Baltimore Ravens,2022.0,0.07,1.61,1.8515000000000001,21.1485,11.422360248447204,"Oct 31, 2019",OYST,"Oyster Point Pharma, Inc.",16.0,7.06,-0.5589999999999999,Health Care,Biotechnology,United States,3,0.2222222222222222,5.111111111111111,5.877777777777777,17.122222222222224
76,3,77,NWE,Chase Winovich\WinoCh00,DE,24,2021.0,0,0,0,10.0,10.0,45.0,0.0,0.0,0.0,0.0,0.0,0.0,0.0,0.0,0.0,0.0,0.0,56.0,1.0,11.0,Michigan,College Stats,3,205.0,Minnesota Vikings,2022.0,0.06833333333333333,0.6833333333333333,1.8074166666666664,8.192583333333333,4.5327585411959985,"May 3, 2019",SCPL,SciPlay Corporation,16.0,13.35,-0.166,Communication Services,Entertainment,United States,3,0.2222222222222222,2.2222222222222223,5.877777777777777,4.122222222222223
77,3,78,MIA,Michael Deiter\DeitMi00,G,23,2021.0,0,0,1,10.0,10.0,40.0,0.0,0.0,0.0,0.0,0.0,0.0,0.0,0.0,1.0,0.0,0.0,,,,Wisconsin,College Stats,3,200.0,Cleveland Browns,2022.0,0.06666666666666667,0.6666666666666666,1.7633333333333332,8.236666666666666,4.671077504725898,"May 2, 2019",TMDX,"TransMedics Group, Inc.",16.0,21.46,0.341,Health Care,Health Care Equipment & Supplies,United States,3,0.2222222222222222,2.2222222222222223,5.877777777777777,4.122222222222223
78,3,79,LAR,David Long\LongDa02,CB,21,2021.0,0,0,0,4.0,4.0,40.0,0.0,0.0,0.0,0.0,0.0,0.0,0.0,0.0,0.0,0.0,0.0,49.0,1.0,,Michigan,College Stats,3,195.0,Los Angeles Chargers,2022.0,0.065,0.26,1.71925,2.2807500000000003,1.3265958993747275,"Jul 18, 2019",ORCC,Owl Rock Capital Corporation,15.3,14.725,-0.038,Financials,Capital Markets,United States,3,0.21250000000000002,0.8500000000000001,5.620625,-1.6206250000000004
79,3,80,CLE,Sione Takitaki\TakiSi00,LB,24,2021.0,0,0,1,12.0,12.0,45.0,0.0,0.0,0.0,0.0,0.0,0.0,0.0,0.0,0.0,0.0,0.0,76.0,1.0,1.0,BYU,College Stats,3,190.0,New Orleans Saints,2022.0,0.06333333333333334,0.76,1.6751666666666667,10.324833333333334,6.16346632175903,"Jun 27, 2019",MORF,"Morphic Holding, Inc.",15.0,29.0,0.9329999999999999,Health Care,Biotechnology,United States,3,0.20833333333333334,2.5,5.510416666666667,6.489583333333333
80,3,81,DET,Will Harris\HarrWi02,S,23,2021.0,0,0,1,8.0,8.0,49.0,0.0,0.0,0.0,0.0,0.0,0.0,0.0,0.0,0.0,0.0,0.0,118.0,,1.5,Boston Col.,College Stats,3,185.0,Miami Dolphins,2022.0,0.06166666666666667,0.49333333333333335,1.6310833333333334,6.368916666666666,3.9047156797629383,"Jul 18, 2019",MIRM,"Mirum Pharmaceuticals, Inc.",15.0,25.81,0.721,Health Care,Biotechnology,United States,3,0.20833333333333334,1.6666666666666667,5.510416666666667,2.489583333333333
81,3,82,TEN,Nate Davis\DaviNa01,G,22,2021.0,0,0,3,19.0,19.0,43.0,0.0,0.0,0.0,0.0,0.0,0.0,0.0,0.0,0.0,0.0,0.0,1.0,,,Charlotte,College Stats,3,180.0,Indianapolis Colts,2022.0,0.06,1.14,1.587,17.413,10.972274732199118,"Feb 14, 2019",TCRR,TCR2 Therapeutics Inc.,15.0,2.4,-0.84,Health Care,Biotechnology,United States,3,0.20833333333333334,3.9583333333333335,5.510416666666667,13.489583333333332
82,3,83,PIT,Justin Layne\LaynJu00,CB,21,2021.0,0,0,0,3.0,3.0,43.0,0.0,0.0,0.0,0.0,0.0,0.0,0.0,0.0,0.0,0.0,0.0,28.0,,,Michigan St.,College Stats,3,175.0,Philadelphia Eagles,2022.0,0.058333333333333334,0.175,1.5429166666666667,1.4570833333333333,0.9443694301917364,"Apr 17, 2019",PLMR,"Palomar Holdings, Inc.",15.0,57.285,2.819,Financials,Insurance,United States,3,0.20833333333333334,0.625,5.510416666666667,-2.510416666666667
83,3,84,KAN,Khalen Saunders\SaunKh00,DT,23,2021.0,0,0,0,4.0,4.0,22.0,0.0,0.0,0.0,0.0,0.0,0.0,0.0,0.0,0.0,0.0,0.0,18.0,,1.0,Western Illinois,,3,170.0,Pittsburgh Steelers,2022.0,0.056666666666666664,0.22666666666666666,1.4988333333333332,2.5011666666666668,1.6687423551651286,"Sep 13, 2019",NET,"Cloudflare, Inc.",15.0,96.54,5.436,Information Technology,Software,United States,3,0.20833333333333334,0.8333333333333334,5.510416666666667,-1.510416666666667
84,3,85,BAL,Jaylon Ferguson\FergJa02,DE,23,2021.0,0,0,1,8.0,8.0,38.0,0.0,0.0,0.0,0.0,0.0,0.0,0.0,0.0,0.0,0.0,0.0,44.0,,4.5,Louisiana Tech,College Stats,3,165.0,New England Patriots,2022.0,0.055,0.44,1.45475,6.54525,4.499226671249356,"Sep 13, 2019",STSA,"Satsuma Pharmaceuticals, Inc.",15.0,3.95,-0.737,Health Care,Pharmaceuticals,United States,3,0.20833333333333334,1.6666666666666667,5.510416666666667,2.489583333333333
85,3,86,HOU,Kahale Warring\WarrKa00,TE,22,2021.0,0,0,0,0.0,0.0,9.0,0.0,0.0,0.0,0.0,0.0,0.0,0.0,0.0,3.0,35.0,0.0,,,,San Diego St.,College Stats,3,160.0,Las Vegas Raiders,2022.0,0.05333333333333334,0.0,1.4106666666666667,-1.4106666666666667,-1.0,"Feb 28, 2019",KLDO,"Kaleido Biosciences, Inc.",15.0,0.29,-0.981,Health Care,Pharmaceuticals,United States,3,0.20833333333333334,0.0,5.510416666666667,-5.510416666666667
86,3,87,NWE,Damien Harris\HarrDa06,RB,22,2021.0,0,0,2,13.0,13.0,27.0,0.0,0.0,0.0,0.0,0.0,343.0,1632.0,17.0,23.0,184.0,0.0,,,,Alabama,College Stats,3,155.0,Arizona Cardinals,2022.0,0.051666666666666666,0.6716666666666666,1.3665833333333333,11.633416666666667,8.512775169217637,"Oct 10, 2019",BNTX,BioNTech SE,15.0,146.61,8.774,Health Care,Biotechnology,Germany,3,0.20833333333333334,2.7083333333333335,5.510416666666667,7.489583333333333
87,3,88,SEA,Cody Barton\BartCo00,LB,22,2021.0,0,0,0,6.0,6.0,48.0,0.0,0.0,0.0,0.0,0.0,0.0,0.0,0.0,0.0,0.0,0.0,56.0,,,Utah,College Stats,3,150.0,Dallas Cowboys,2022.0,0.05,0.30000000000000004,1.3225,4.6775,3.5368620037807186,"Oct 3, 2019",APRE,"Aprea Therapeutics, Inc.",15.0,1.52,-0.899,Health Care,Biotechnology,United States,3,0.20833333333333334,1.25,5.510416666666667,0.48958333333333304
88,3,89,IND,Bobby Okereke\OkerBo00,LB,23,2021.0,0,0,3,14.0,14.0,47.0,0.0,0.0,0.0,0.0,0.0,0.0,0.0,0.0,0.0,0.0,0.0,194.0,3.0,2.0,Stanford,College Stats,3,145.0,Buffalo Bills,2022.0,0.04833333333333333,0.6766666666666666,1.2784166666666665,12.721583333333333,9.951046216022425,"Sep 26, 2019",OPRT,Oportun Financial Corporation,15.0,12.18,-0.188,Financials,Consumer Finance,United States,3,0.20833333333333334,2.916666666666667,5.510416666666667,8.489583333333332
89,3,90,DAL,Connor McGovern\McGoCo01,G,21,2021.0,0,0,0,7.0,7.0,30.0,0.0,0.0,0.0,0.0,0.0,0.0,0.0,0.0,0.0,0.0,0.0,,,,Penn St.,College Stats,3,140.0,Tennessee Titans,2022.0,0.04666666666666667,0.32666666666666666,1.2343333333333333,5.765666666666666,4.671077504725898,"Sep 19, 2019",PING,Ping Identity Holding Corp.,15.0,27.65,0.843,Information Technology,Software,United States,3,0.20833333333333334,1.4583333333333335,5.510416666666667,1.489583333333333
90,3,91,LAC,Trey Pipkins\PipkTr00,T,23,2021.0,0,0,0,8.0,8.0,38.0,0.0,0.0,0.0,0.0,0.0,0.0,0.0,0.0,0.0,0.0,0.0,,,,Sioux Falls,,3,136.0,Tampa Bay Buccaneers,2022.0,0.04533333333333334,0.3626666666666667,1.1990666666666667,6.800933333333333,5.6718558879128205,"May 9, 2019",NXTC,"NextCure, Inc.",15.0,4.71,-0.6859999999999999,Health Care,Biotechnology,United States,3,0.20833333333333334,1.6666666666666667,5.510416666666667,2.489583333333333
91,3,92,NYJ,Chuma Edoga\EdogCh00,T,22,2021.0,0,0,0,5.0,5.0,24.0,0.0,0.0,0.0,0.0,0.0,0.0,0.0,0.0,0.0,0.0,0.0,,,,USC,College Stats,3,132.0,Green Bay Packers,2022.0,0.044,0.21999999999999997,1.1638,3.8362,3.296270836913559,"Nov 8, 2019",KRKR,36Kr Holdings Inc.,14.5,0.82,-0.943,Communication Services,Interactive Media & Services,United States,3,0.2013888888888889,1.0069444444444444,5.326736111111111,-0.3267361111111109
92,3,93,BAL,Miles Boykin\BoykMi00,WR,22,2021.0,0,0,2,6.0,6.0,40.0,0.0,0.0,0.0,0.0,0.0,0.0,0.0,0.0,33.0,470.0,7.0,2.0,,,Notre Dame,College Stats,3,128.0,San Francisco 49ers,2022.0,0.042666666666666665,0.256,1.1285333333333332,4.871466666666667,4.31663516068053,"Apr 12, 2019",JMIA,Jumia Technologies AG,14.5,7.59,-0.47700000000000004,Consumer Discretionary,Internet & Direct Marketing Retail,Germany,3,0.2013888888888889,1.2083333333333335,5.326736111111111,0.6732638888888891
93,3,94,TAM,Jamel Dean\DeanJa00,CB,22,2021.0,0,0,1,9.0,9.0,42.0,0.0,0.0,0.0,0.0,0.0,0.0,0.0,0.0,0.0,0.0,0.0,111.0,5.0,,Auburn,College Stats,3,124.0,Kansas City Chiefs,2022.0,0.04133333333333333,0.372,1.0932666666666666,7.906733333333333,7.2322092810537235,"Aug 15, 2019",CFB,"CrossFirst Bankshares, Inc.",14.5,13.67,-0.057,Financials,Banks,United States,3,0.2013888888888889,1.8125,5.326736111111111,3.673263888888889
94,3,95,NYG,Oshane Ximines\XimiOs00,DE,22,2021.0,0,0,0,5.0,5.0,30.0,0.0,0.0,0.0,0.0,0.0,0.0,0.0,0.0,0.0,0.0,0.0,19.0,,4.5,Old Dominion,College Stats,3,120.0,Cincinnati Bengals,2022.0,0.04,0.2,1.058,3.942,3.7258979206049148,"Apr 11, 2019",TUFN,Tufin Software Technologies Ltd.,14.0,12.91,-0.078,Information Technology,Software,Israel,3,0.19444444444444445,0.9722222222222222,5.143055555555556,-0.1430555555555557
95,3,96,BUF,Dawson Knox\KnoxDa00,TE,22,2021.0,0,0,3,12.0,12.0,42.0,0.0,0.0,0.0,0.0,0.0,1.0,13.0,0.0,101.0,1263.0,14.0,1.0,,,Mississippi,College Stats,4,116.0,Denver Broncos,2022.0,0.03866666666666667,0.464,1.0227333333333333,10.977266666666667,10.733263802881169,"Apr 18, 2019",HOOK,HOOKIPA Pharma Inc.,14.0,1.535,-0.89,Health Care,Biotechnology,United States,3,0.19444444444444445,2.3333333333333335,5.143055555555556,6.856944444444444
96,3,97,LAR,Bobby Evans\EvanBo00,T,22,2021.0,0,0,0,5.0,5.0,23.0,0.0,0.0,0.0,0.0,0.0,0.0,0.0,0.0,0.0,0.0,0.0,,,,Oklahoma,College Stats,4,112.0,Detroit Lions,2022.0,0.037333333333333336,0.18666666666666668,0.9874666666666667,4.012533333333334,4.06346205779098,"May 23, 2019",BCYC,Bicycle Therapeutics PLC,14.0,24.39,0.742,Health Care,Biotechnology,United Kingdom,4,0.19444444444444445,0.9722222222222222,5.143055555555556,-0.1430555555555557
97,3,98,JAX,Quincy Williams\WillQu01,S,23,2021.0,0,0,2,8.0,3.0,34.0,0.0,0.0,0.0,0.0,0.0,0.0,0.0,0.0,0.0,0.0,0.0,108.0,,2.0,Murray St.,,4,108.0,New Orleans Saints,2022.0,0.036,0.288,0.9521999999999999,7.0478000000000005,7.4015963032976275,"Feb 8, 2019",HARP,"Harpoon Therapeutics, Inc.",14.0,2.79,-0.8009999999999999,Health Care,Biotechnology,United States,4,0.19444444444444445,1.5555555555555556,5.143055555555556,2.8569444444444443
98,3,99,TAM,Mike Edwards\EdwaMi01,S,23,2021.0,0,0,0,8.0,8.0,45.0,0.0,0.0,0.0,0.0,0.0,0.0,0.0,0.0,0.0,0.0,0.0,73.0,5.0,1.0,Kentucky,College Stats,4,104.0,Cleveland Browns,2022.0,0.034666666666666665,0.2773333333333333,0.9169333333333333,7.083066666666666,7.724734622655228,"May 17, 2019",AVTR,"Avantor, Inc.",14.0,30.37,1.169,Health Care,Life Sciences Tools & Services,United States,4,0.19444444444444445,1.5555555555555556,5.143055555555556,2.8569444444444443
99,3,100,CAR,Will Grier\GrieWi00,QB,24,2019.0,0,0,0,1.0,1.0,2.0,28.0,52.0,228.0,0.0,4.0,7.0,22.0,0.0,0.0,0.0,0.0,,,,West Virginia,College Stats,4,100.0,Baltimore Ravens,2022.0,0.03333333333333333,0.03333333333333333,0.8816666666666666,0.1183333333333334,0.13421550094517967,"Feb 14, 2019",AVDR,"Avedro, Inc.",14.0,22.99,0.23,,,,4,0.19444444444444445,0.19444444444444445,5.143055555555556,-4.143055555555556
100,3,101,NWE,Yodny Cajuste\CajuYo00,T,23,2021.0,0,0,0,2.0,2.0,7.0,0.0,0.0,0.0,0.0,0.0,0.0,0.0,0.0,0.0,0.0,0.0,1.0,,,West Virginia,College Stats,4,96.0,New Orleans Saints,2022.0,0.032,0.064,0.8464,1.1536,1.3629489603024574,"Jul 25, 2019",PROS,"ProSight Global, Inc.",14.0,12.85,0.129,,,,4,0.19444444444444445,0.3888888888888889,5.143055555555556,-3.1430555555555557
101,3,102,MIN,Alexander Mattison\MattAl01,RB,21,2021.0,0,0,0,12.0,12.0,42.0,0.0,0.0,0.0,0.0,0.0,330.0,1387.0,6.0,55.0,435.0,2.0,,,,Boise St.,College Stats,4,92.0,Kansas City Chiefs,2022.0,0.030666666666666665,0.368,0.8111333333333333,11.188866666666666,13.794115229719734,"Nov 7, 2019",CNTG,Centogene N.V.,14.0,3.77,-0.731,Health Care,Biotechnology,Germany,4,0.19444444444444445,2.3333333333333335,5.143055555555556,6.856944444444444
102,4,103,ARI,Hakeem Butler\ButlHa00,WR,23,2020.0,0,0,0,0.0,,2.0,0.0,0.0,0.0,0.0,0.0,0.0,0.0,0.0,0.0,0.0,0.0,,,,Iowa St.,College Stats,4,88.0,Miami Dolphins,2022.0,0.029333333333333333,0.0,0.7758666666666666,-0.7758666666666666,-1.0,"Oct 3, 2019",FREQ,"Frequency Therapeutics, Inc.",14.0,1.5,-0.893,Health Care,Biotechnology,United States,4,0.19444444444444445,0.0,5.143055555555556,-5.143055555555556
103,4,104,CIN,Ryan Finley\FinlRy00,QB,24,2020.0,0,0,0,2.0,2.0,8.0,58.0,119.0,638.0,3.0,4.0,21.0,143.0,1.0,0.0,0.0,0.0,,,,North Carolina St.,College Stats,4,86.0,San Francisco 49ers,2022.0,0.028666666666666667,0.05733333333333333,0.7582333333333333,1.2417666666666667,1.6377104673143712,"Oct 17, 2019",BRBR,"Bellring Brands, Inc.",14.0,23.22,0.659,Consumer Staples,Personal Products,United States,4,0.19444444444444445,0.3888888888888889,5.143055555555556,-3.1430555555555557
104,4,105,NOR,Chauncey Gardner-Johnson\GardCh00,S,21,2021.0,0,0,2,12.0,12.0,43.0,0.0,0.0,0.0,0.0,0.0,0.0,0.0,0.0,0.0,0.0,0.0,122.0,5.0,3.0,Florida,College Stats,4,84.0,Los Angeles Rams,2022.0,0.028,0.336,0.7406,11.2594,15.203078584931136,"Oct 24, 2019",BRP,"BRP Group, Inc.",14.0,23.325,0.6659999999999999,Financials,Insurance,United States,4,0.19444444444444445,2.3333333333333335,5.143055555555556,6.856944444444444
105,4,106,OAK,Maxx Crosby\CrosMa00,DE,22,2021.0,0,1,3,25.0,25.0,49.0,0.0,0.0,0.0,0.0,0.0,0.0,0.0,0.0,0.0,0.0,0.0,92.0,,25.0,East. Michigan,College Stats,4,82.0,Jacksonville Jaguars,2022.0,0.027333333333333334,0.6833333333333333,0.7229666666666666,24.277033333333332,33.57974088247499,"Aug 1, 2019",KRUS,"Kura Sushi USA, Inc.",14.0,54.13,2.866,Consumer Discretionary,"Hotels, Restaurants & Leisure",United States,4,0.19444444444444445,4.861111111111112,5.143055555555556,19.856944444444444
106,4,107,TAM,Anthony Nelson\NelsAn01,DE,22,2021.0,0,0,0,6.0,6.0,42.0,0.0,0.0,0.0,0.0,0.0,0.0,0.0,0.0,0.0,0.0,0.0,25.0,,6.0,Iowa,College Stats,4,80.0,Cleveland Browns,2022.0,0.02666666666666667,0.16,0.7053333333333334,5.294666666666666,7.5066162570888455,"Aug 8, 2019",INMD,InMode Ltd.,14.0,27.63,0.9740000000000001,Health Care,Health Care Equipment & Supplies,United States,4,0.19444444444444445,1.1666666666666667,5.143055555555556,0.8569444444444443
107,4,108,NYG,Julian Love\LoveJu00,CB,21,2021.0,0,0,0,8.0,8.0,48.0,0.0,0.0,0.0,0.0,0.0,0.0,0.0,0.0,0.0,0.0,0.0,113.0,3.0,0.5,Notre Dame,College Stats,4,78.0,Houston Texans,2022.0,0.026,0.208,0.6877,7.3123000000000005,10.632979496873638,"Sep 19, 2019",XGN,Exagen Inc.,14.0,6.31,-0.5489999999999999,Health Care,Health Care Providers & Services,United States,4,0.19444444444444445,1.5555555555555556,5.143055555555556,2.8569444444444443
108,4,109,IND,Khari Willis\WillKh00,S,23,2021.0,0,0,1,12.0,12.0,39.0,0.0,0.0,0.0,0.0,0.0,0.0,0.0,0.0,0.0,0.0,0.0,161.0,4.0,3.5,Michigan St.,College Stats,4,76.0,Seattle Seahawks,2022.0,0.025333333333333333,0.304,0.6700666666666666,11.329933333333333,16.908665804397575,"Jan 31, 2019",NFE,New Fortress Energy Inc.,14.0,40.545,1.896,Energy,"Oil, Gas & Consumable Fuels",United States,4,0.19444444444444445,2.3333333333333335,5.143055555555556,6.856944444444444
109,4,110,SFO,Mitch Wishnowsky\WishMi00,P,27,2021.0,0,0,0,6.0,6.0,49.0,0.0,0.0,0.0,0.0,0.0,0.0,0.0,0.0,0.0,0.0,0.0,8.0,,,Utah,College Stats,4,74.0,New York Giants,2022.0,0.024666666666666667,0.148,0.6524333333333333,5.347566666666666,8.19634189955551,"May 2, 2019",SY,So-Young International Inc.,13.8,1.455,-0.895,Communication Services,Interactive Media & Services,United States,4,0.19166666666666668,1.1500000000000001,5.069583333333333,0.9304166666666669
110,4,111,ATL,Kendall Sheffield\ShefKe00,CB,23,2021.0,0,0,0,6.0,6.0,38.0,0.0,0.0,0.0,0.0,0.0,0.0,0.0,0.0,0.0,0.0,0.0,72.0,,,Ohio St.,College Stats,4,72.0,New York Jets,2022.0,0.024,0.14400000000000002,0.6348,5.3652,8.45179584120983,"May 9, 2019",HHR,Headhunter Group PLC,13.5,15.03,0.113,Industrials,Professional Services,United States,4,0.1875,1.125,4.959375,1.0406250000000004
111,4,112,WAS,Bryce Love\LoveBr00,RB,22,,0,0,0,,,,,,,,,,,,,,,,,,Stanford,College Stats,4,70.0,New York Giants,2022.0,0.023333333333333334,,0.6171666666666666,,,"Oct 3, 2019",MCBS,"MetroCity Bankshares, Inc.",13.5,22.14,0.64,Financials,Banks,United States,4,0.1875,,4.959375,
112,4,113,BAL,Justice Hill\HillJu00,RB,21,2020.0,0,0,0,4.0,4.0,28.0,0.0,0.0,0.0,0.0,0.0,70.0,285.0,2.0,13.0,90.0,0.0,6.0,,,Oklahoma St.,College Stats,4,68.0,Washington Commanders,2022.0,0.02266666666666667,0.09066666666666667,0.5995333333333334,3.4004666666666665,5.6718558879128205,"Jun 27, 2019",CHNG,"Change Healthcare, Inc.",13.0,23.645,0.8190000000000001,Health Care,Health Care Technology,United States,4,0.18055555555555555,0.7222222222222222,4.7756944444444445,-0.7756944444444445
113,4,114,MIN,Dru Samia\SamiDr00,G,22,2020.0,0,0,0,3.0,3.0,15.0,0.0,0.0,0.0,0.0,0.0,0.0,0.0,0.0,0.0,0.0,0.0,,,,Oklahoma,College Stats,4,66.0,Atlanta Falcons,2022.0,0.022,0.066,0.5819,2.4181,4.155525004296271,"Aug 1, 2019",SNDL,Sundial Growers Inc.,13.0,0.524,-0.96,Health Care,Pharmaceuticals,Canada,4,0.18055555555555555,0.5416666666666666,4.7756944444444445,-1.7756944444444445
114,4,115,CAR,Christian Miller\MillCh04,LB,23,2019.0,0,0,0,1.0,1.0,7.0,0.0,0.0,0.0,0.0,0.0,0.0,0.0,0.0,0.0,0.0,0.0,2.0,,2.0,Alabama,College Stats,4,64.0,Denver Broncos,2022.0,0.021333333333333333,0.021333333333333333,0.5642666666666666,0.4357333333333334,0.7722117202268434,"Nov 8, 2019",TELA,"TELA Bio, Inc.",13.0,9.63,-0.259,Health Care,Health Care Equipment & Supplies,United States,4,0.18055555555555555,0.18055555555555555,4.7756944444444445,-3.7756944444444445
115,4,116,TEN,Amani Hooker\HookAm00,S,21,2021.0,0,0,1,7.0,7.0,44.0,0.0,0.0,0.0,0.0,0.0,1.0,4.0,0.0,1.0,6.0,0.0,88.0,5.0,,Iowa,College Stats,4,62.0,Seattle Seahawks,2022.0,0.020666666666666667,0.14466666666666667,0.5466333333333333,6.453366666666667,11.805658881639125,"Nov 1, 2019",DUO,Fangdd Network Group Ltd.,13.0,0.284,-0.978,Communication Services,Interactive Media & Services,United States,4,0.18055555555555555,1.2638888888888888,4.7756944444444445,2.2243055555555555
116,4,117,DET,Austin Bryant\BryaAu00,DE,22,2021.0,0,0,0,4.0,4.0,24.0,0.0,0.0,0.0,0.0,0.0,0.0,0.0,0.0,0.0,0.0,0.0,35.0,,4.5,Clemson,College Stats,4,60.0,New York Jets,2022.0,0.02,0.08,0.529,3.471,6.561436672967864,"Nov 21, 2019",SITM,SiTime Corporation,13.0,168.07,11.927999999999999,Information Technology,Semiconductors & Semiconductor Equipment,United States,4,0.18055555555555555,0.7222222222222222,4.7756944444444445,-0.7756944444444445
117,4,118,NWE,Hjalte Froholdt\FrohHj00,G,23,2021.0,0,0,0,0.0,0.0,14.0,0.0,0.0,0.0,0.0,0.0,0.0,0.0,0.0,0.0,0.0,0.0,,,,Arkansas,College Stats,4,58.0,Cleveland Browns,2022.0,0.019333333333333334,0.0,0.5113666666666666,-0.5113666666666666,-1.0,"Oct 25, 2019",PGNY,"Progyny, Inc.",13.0,40.81,2.1390000000000002,Health Care,Health Care Providers & Services,United States,4,0.18055555555555555,0.0,4.7756944444444445,-4.7756944444444445
118,4,119,CLE,Sheldrick Redwine\RedwSh00,S,22,2021.0,0,0,0,4.0,4.0,33.0,0.0,0.0,0.0,0.0,0.0,0.0,0.0,0.0,0.0,0.0,0.0,52.0,1.0,0.5,Miami (FL),College Stats,4,56.0,Baltimore Ravens,2022.0,0.018666666666666668,0.07466666666666667,0.49373333333333336,3.506266666666667,7.101539292465569,"Apr 3, 2019",RUHN,Ruhnn Holding Limited,12.5,3.4,0.034,,,,4,0.1736111111111111,0.6944444444444444,4.592013888888888,-0.5920138888888884
119,4,120,SEA,Gary Jennings Jr\JennGa00,WR,22,2019.0,0,0,0,0.0,,1.0,0.0,0.0,0.0,0.0,0.0,0.0,0.0,0.0,0.0,0.0,0.0,,,,West Virginia,College Stats,4,54.0,New Orleans Saints,2022.0,0.018,0.0,0.47609999999999997,-0.47609999999999997,-1.0,"Dec 12, 2019",EH,EHang Holdings Limited,12.5,9.73,-0.222,Industrials,Aerospace & Defense,United States,4,0.1736111111111111,0.0,4.592013888888888,-4.592013888888888
120,4,121,NYJ,Trevon Wesco\WescTr00,TE,23,2021.0,0,0,0,0.0,0.0,40.0,0.0,0.0,0.0,0.0,0.0,2.0,2.0,0.0,6.0,87.0,0.0,5.0,,,West Virginia,College Stats,4,52.0,Miami Dolphins,2022.0,0.017333333333333333,0.0,0.45846666666666663,-0.45846666666666663,-1.0,"Oct 25, 2019",AIH,Aesthetic Medical International Holdings Group Ltd.,12.0,1.4969999999999999,-0.875,Health Care,Health Care Providers & Services,Cayman Islands,4,0.16666666666666666,0.0,4.408333333333333,-4.408333333333333
121,4,122,PIT,Benny Snell Jr.\SnelBe00,RB,21,2021.0,0,0,0,7.0,7.0,46.0,0.0,0.0,0.0,0.0,0.0,255.0,892.0,6.0,15.0,97.0,0.0,10.0,,,Kentucky,College Stats,4,50.0,Indianapolis Colts,2022.0,0.016666666666666666,0.11666666666666667,0.4408333333333333,6.559166666666667,14.879017013232517,"Nov 7, 2019",GRTX,"Galera Therapeutics, Inc.",12.0,1.94,-0.838,Health Care,Biotechnology,United States,4,0.16666666666666666,1.1666666666666665,4.408333333333333,2.591666666666667
122,4,123,BAL,Ben Powers\PoweBe00,G,22,2021.0,0,0,2,8.0,8.0,30.0,0.0,0.0,0.0,0.0,0.0,0.0,0.0,0.0,0.0,0.0,0.0,,,,Oklahoma,College Stats,4,49.0,Los Angeles Chargers,2022.0,0.01633333333333333,0.13066666666666665,0.4320166666666666,7.567983333333333,17.517804097064158,"Mar 8, 2019",FUTU,Futu Holdings Limited,12.0,31.635,1.636,Financials,Capital Markets,Hong Kong,4,0.16666666666666666,1.3333333333333333,4.408333333333333,3.591666666666667
123,4,124,SEA,Phil Haynes\HaynPh00,G,23,2021.0,0,0,0,1.0,1.0,7.0,0.0,0.0,0.0,0.0,0.0,0.0,0.0,0.0,0.0,0.0,0.0,,,,Wake Forest,College Stats,4,48.0,Philadelphia Eagles,2022.0,0.016,0.016,0.4232,0.5768,1.3629489603024574,"Feb 15, 2019",MITO,Stealth BioTherapeutics Corp.,12.0,0.452,-0.9620000000000001,Health Care,Biotechnology,Cayman Islands,4,0.16666666666666666,0.16666666666666666,4.408333333333333,-3.408333333333333
124,4,125,CIN,Renell Wren\WrenRe00,DT,23,2021.0,0,0,0,2.0,2.0,12.0,0.0,0.0,0.0,0.0,0.0,0.0,0.0,0.0,0.0,0.0,0.0,4.0,,,Arizona St.,College Stats,4,47.0,Miami Dolphins,2022.0,0.015666666666666666,0.03133333333333333,0.41438333333333327,1.5856166666666667,3.8264489401922543,"Nov 7, 2019",SI,Silvergate Capital Corporation,12.0,130.15,9.846,Financials,Banks,United States,4,0.16666666666666666,0.3333333333333333,4.408333333333333,-2.408333333333333
125,4,126,CHI,Riley Ridley\RidlRi00,WR,23,2020.0,0,0,0,1.0,1.0,10.0,0.0,0.0,0.0,0.0,0.0,0.0,0.0,0.0,10.0,108.0,0.0,,,,Georgia,College Stats,4,46.0,Las Vegas Raiders,2022.0,0.015333333333333332,0.015333333333333332,0.40556666666666663,0.5944333333333334,1.465685871619956,"Oct 31, 2019",RAPT,"Rapt Therapeutics, Inc.",12.0,18.67,0.556,Health Care,Biotechnology,United States,4,0.16666666666666666,0.16666666666666666,4.408333333333333,-3.408333333333333
126,4,127,BAL,Iman Marshall\MarsIm00,CB,22,2019.0,0,0,0,0.0,0.0,3.0,0.0,0.0,0.0,0.0,0.0,0.0,0.0,0.0,0.0,0.0,0.0,1.0,,,USC,College Stats,4,45.0,New England Patriots,2022.0,0.015,0.0,0.39675,-0.39675,-1.0,"Jun 26, 2019",CMBM,Cambium Networks Corporation,12.0,15.38,0.282,Information Technology,Communications Equipment,United States,4,0.16666666666666666,0.0,4.408333333333333,-4.408333333333333
127,4,128,DAL,Tony Pollard\PollTo00,RB,22,2021.0,0,0,0,15.0,15.0,46.0,0.0,0.0,0.0,0.0,0.0,317.0,1609.0,8.0,82.0,637.0,2.0,5.0,,,Memphis,College Stats,5,44.0,Baltimore Ravens,2022.0,0.014666666666666666,0.22,0.3879333333333333,14.612066666666667,37.666437532222034,"Jul 25, 2019",NOVA,"Sunnova Energy International, Inc.",12.0,16.05,0.33799999999999997,Utilities,Independent Power and Renewable Electricity Producers,United States,4,0.16666666666666666,2.5,4.408333333333333,10.591666666666667
128,4,129,OAK,Isaiah Johnson\JohnIs02,CB,23,2020.0,0,0,0,1.0,1.0,19.0,0.0,0.0,0.0,0.0,0.0,0.0,0.0,0.0,0.0,0.0,0.0,8.0,,,Houston,College Stats,5,43.0,Dallas Cowboys,2022.0,0.014333333333333333,0.014333333333333333,0.37911666666666666,0.6208833333333333,1.6377104673143712,"Jul 17, 2019",DOYU,DouYu International Holdings Ltd.,11.5,1.685,-0.853,Communication Services,Entertainment,China,5,0.1597222222222222,0.1597222222222222,4.224652777777777,-3.224652777777777
129,4,130,LAC,Drue Tranquill\TranDr00,LB,24,2021.0,0,0,0,6.0,6.0,30.0,0.0,0.0,0.0,0.0,0.0,0.0,0.0,0.0,0.0,0.0,0.0,107.0,,1.5,Notre Dame,College Stats,5,42.0,Buffalo Bills,2022.0,0.014,0.084,0.3703,5.6297,15.203078584931136,"Feb 12, 2019",ANCN,Anchiano Therapeutics,11.5,75.36,0.754,,,,5,0.1597222222222222,0.9583333333333333,4.224652777777777,1.7753472222222229
130,4,131,WAS,Wes Martin\MartWe00,G,23,2021.0,0,0,0,6.0,5.0,32.0,0.0,0.0,0.0,0.0,0.0,0.0,0.0,0.0,0.0,0.0,0.0,1.0,,,Indiana,College Stats,5,41.0,Tennessee Titans,2022.0,0.013666666666666667,0.082,0.3614833333333333,5.638516666666667,15.598275623587995,"Oct 25, 2019",CABA,"Cabaletta Bio, Inc.",11.0,1.37,-0.875,Health Care,Biotechnology,United States,5,0.1527777777777778,0.9166666666666667,4.040972222222223,1.9590277777777771
131,4,132,SEA,Ugo Amadi\AmadUg00,S,22,2021.0,0,0,1,6.0,6.0,47.0,0.0,0.0,0.0,0.0,0.0,0.0,0.0,0.0,0.0,0.0,0.0,102.0,1.0,,Oregon,College Stats,5,40.0,Green Bay Packers,2022.0,0.013333333333333334,0.08,0.3526666666666667,5.647333333333333,16.01323251417769,"Dec 19, 2019",INDO,Indonesia Energy Corporation Limited,11.0,19.47,0.77,Energy,"Oil, Gas & Consumable Fuels",United States,5,0.1527777777777778,0.9166666666666667,4.040972222222223,1.9590277777777771
132,4,133,NWE,Jarrett Stidham\StidJa00,QB,23,2020.0,0,0,0,1.0,1.0,8.0,24.0,48.0,270.0,2.0,4.0,9.0,5.0,0.0,0.0,0.0,0.0,,,,Auburn,College Stats,5,40.0,Tampa Bay Buccaneers,2022.0,0.013333333333333334,0.013333333333333334,0.3526666666666667,0.6473333333333333,1.8355387523629487,"Apr 17, 2019",BWAY,Brainsway Ltd.,11.0,7.79,-0.292,Health Care,Health Care Equipment & Supplies,United States,5,0.1527777777777778,0.1527777777777778,4.040972222222223,-3.040972222222223
133,4,134,LAR,Greg Gaines\GainGr00,DT,23,2021.0,0,0,1,9.0,9.0,43.0,0.0,0.0,0.0,0.0,0.0,0.0,0.0,0.0,0.0,0.0,0.0,43.0,,6.5,Washington,College Stats,5,39.0,San Francisco 49ers,2022.0,0.013,0.11699999999999999,0.34385,8.65615,25.174203867965684,"May 3, 2019",YJ,Yunji Inc.,11.0,1.06,-0.904,Consumer Discretionary,Internet & Direct Marketing Retail,United States,5,0.1527777777777778,1.375,4.040972222222223,4.959027777777777
134,4,135,ATL,John Cominsky\ComiJo00,DE,23,2021.0,0,0,0,3.0,3.0,27.0,0.0,0.0,0.0,0.0,0.0,0.0,0.0,0.0,0.0,0.0,0.0,19.0,,1.5,Charleston (WV),,5,39.0,Kansas City Chiefs,2022.0,0.013,0.039,0.34385,2.6561500000000002,7.7247346226552285,"May 10, 2019",SONM,"Sonim Technologies, Inc.",11.0,0.664,-0.94,Information Technology,"Technology Hardware, Storage & Peripherals",United States,5,0.1527777777777778,0.45833333333333337,4.040972222222223,-1.0409722222222229
135,4,136,CIN,Michael Jordan\JordMi01,G,21,2021.0,0,0,2,11.0,8.0,38.0,0.0,0.0,0.0,0.0,0.0,0.0,0.0,0.0,0.0,0.0,0.0,2.0,,,Ohio St.,College Stats,5,38.0,Cincinnati Bengals,2022.0,0.012666666666666666,0.13933333333333334,0.3350333333333333,10.664966666666666,31.832553974728885,"Feb 26, 2019",SLGG,"Super League Gaming, Inc.",11.0,1.545,-0.86,Communication Services,Interactive Media & Services,United States,5,0.1527777777777778,1.6805555555555558,4.040972222222223,6.959027777777777
136,4,137,OAK,Foster Moreau\MoreFo00,TE,22,2021.0,0,0,2,5.0,5.0,46.0,0.0,0.0,0.0,0.0,0.0,0.0,0.0,0.0,58.0,687.0,10.0,6.0,,,LSU,College Stats,5,38.0,Houston Texans,2022.0,0.012666666666666666,0.06333333333333332,0.3350333333333333,4.6649666666666665,13.923888170331312,"May 10, 2019",JFIN,Jiayin Group Inc.,10.5,2.24,-0.787,Financials,Consumer Finance,United States,5,0.14583333333333334,0.7291666666666667,3.857291666666667,1.1427083333333332
137,4,138,PHI,Shareef Miller\MillSh00,DE,22,2019.0,0,0,0,0.0,0.0,1.0,0.0,0.0,0.0,0.0,0.0,0.0,0.0,0.0,0.0,0.0,0.0,,,,Penn St.,College Stats,5,37.0,Pittsburgh Steelers,2022.0,0.012333333333333333,0.0,0.32621666666666665,-0.32621666666666665,-1.0,"Jun 6, 2019",GOTU,"Gaotu Techedu, Inc.",10.5,1.53,-0.8540000000000001,Consumer Discretionary,Diversified Consumer Services,China,5,0.14583333333333334,0.0,3.857291666666667,-3.857291666666667
138,5,139,ARI,Deionte Thompson\ThomDe06,S,22,2021.0,0,0,0,4.0,4.0,41.0,0.0,0.0,0.0,0.0,0.0,0.0,0.0,0.0,0.0,0.0,0.0,37.0,,,Alabama,College Stats,5,37.0,Baltimore Ravens,2022.0,0.012333333333333333,0.04933333333333333,0.32621666666666665,3.673783333333333,11.261789199407346,"Nov 8, 2019",SRAC,Stable Road Acquisition Corp.,10.0,10.97,0.11,Blank Check / SPAC,Blank Check / SPAC,,5,0.1388888888888889,0.5555555555555556,3.673611111111111,0.32638888888888884
139,5,140,JAX,Ryquell Armstead\ArmsRy00,RB,22,2021.0,0,0,0,2.0,2.0,18.0,0.0,0.0,0.0,0.0,0.0,50.0,188.0,0.0,17.0,160.0,2.0,1.0,,,Temple,College Stats,5,36.0,Green Bay Packers,2022.0,0.012,0.024,0.3174,1.6825999999999999,5.301197227473219,"Nov 8, 2019",MOHO,ECMOHO Limited,10.0,0.218,-0.978,Consumer Discretionary,Internet & Direct Marketing Retail,China,5,0.1388888888888889,0.2777777777777778,3.673611111111111,-1.6736111111111112
140,5,141,PIT,Zach Gentry\GentZa00,TE,22,2021.0,0,0,1,1.0,1.0,23.0,0.0,0.0,0.0,0.0,0.0,0.0,0.0,0.0,20.0,171.0,0.0,1.0,,,Michigan,College Stats,5,36.0,Baltimore Ravens,2022.0,0.012,0.012,0.3174,0.6826,2.15059861373661,"Jul 18, 2019",CPAA.D,Conyers Park II Acquisition Corp.,10.0,8.86,0.08900000000000001,Blank Check / SPAC,Blank Check / SPAC,,5,0.1388888888888889,0.1388888888888889,3.673611111111111,-2.673611111111111
141,5,142,SEA,Ben Burr-Kirven\BurrBe00,LB,21,2020.0,0,0,0,2.0,2.0,32.0,0.0,0.0,0.0,0.0,0.0,0.0,0.0,0.0,0.0,0.0,0.0,10.0,,,Washington,College Stats,5,35.0,Los Angeles Rams,2022.0,0.011666666666666667,0.023333333333333334,0.3085833333333333,1.6914166666666666,5.481231433972455,"Jul 26, 2019",SBE,Switchback Energy Acquisition Corporation,10.0,30.83,0.308,Blank Check / SPAC,Blank Check / SPAC,,5,0.1388888888888889,0.2777777777777778,3.673611111111111,-1.6736111111111112
142,5,143,NYG,Ryan Connelly\ConnRy00,LB,23,2021.0,0,0,0,4.0,2.0,30.0,0.0,0.0,0.0,0.0,0.0,0.0,0.0,0.0,0.0,0.0,0.0,18.0,2.0,1.0,Wisconsin,College Stats,5,35.0,Tennessee Titans,2022.0,0.011666666666666667,0.04666666666666667,0.3085833333333333,3.6914166666666666,11.96246286794491,"Nov 8, 2019",JIH,"Juniper Industrial Holdings, Inc.",10.0,13.19,0.132,,,,5,0.1388888888888889,0.5555555555555556,3.673611111111111,0.32638888888888884
143,5,144,IND,Marvell Tell III\TellMa00,S,23,2019.0,0,0,0,1.0,1.0,13.0,0.0,0.0,0.0,0.0,0.0,0.0,0.0,0.0,0.0,0.0,0.0,23.0,,,USC,College Stats,5,34.0,Carolina Panthers,2022.0,0.011333333333333334,0.011333333333333334,0.2997666666666667,0.7002333333333333,2.3359279439564102,"Jan 17, 2019",RBKB,"Rhinebeck Bancorp, Inc.",10.0,10.23,0.023,Financials,Thrifts & Mortgage Finance,United States,5,0.1388888888888889,0.1388888888888889,3.673611111111111,-2.673611111111111
144,5,145,TAM,Matt Gay\GayxMa00,K,25,2021.0,0,1,0,10.0,3.0,40.0,0.0,0.0,0.0,0.0,0.0,0.0,0.0,0.0,0.0,0.0,0.0,2.0,,,Utah,College Stats,5,34.0,Denver Broncos,2022.0,0.011333333333333334,0.11333333333333334,0.2997666666666667,9.700233333333333,32.359279439564105,"Nov 20, 2019",SAQN,Software Acquisition Group,10.0,10.1,0.10099999999999999,Blank Check / SPAC,Blank Check / SPAC,,5,0.1388888888888889,1.3888888888888888,3.673611111111111,6.326388888888889
145,5,146,DET,Amani Oruwariye\OruwAm00,CB,23,2021.0,0,0,2,10.0,10.0,39.0,0.0,0.0,0.0,0.0,0.0,0.0,0.0,0.0,0.0,0.0,0.0,107.0,9.0,,Penn St.,College Stats,5,33.0,New York Jets,2022.0,0.011,0.10999999999999999,0.29095,9.70905,33.37016669530847,"Nov 20, 2019",AMHC,Amplitude Healthcare Acquisition Corp.,10.0,15.12,0.151,Blank Check / SPAC,Blank Check / SPAC,,5,0.1388888888888889,1.3888888888888888,3.673611111111111,6.326388888888889
146,5,147,BUF,Vosean Joseph\JoseVo00,LB,21,,0,0,0,,,,,,,,,,,,,,,,,,Florida,College Stats,5,33.0,New York Giants,2022.0,0.011,,0.29095,,,"Feb 8, 2019",RMG,RMG Acquisition Corp.,10.0,27.0,0.27,Blank Check / SPAC,Blank Check / SPAC,,5,0.1388888888888889,,3.673611111111111,
147,5,148,SFO,Dre Greenlaw\GreeDr00,LB,22,2021.0,0,0,2,15.0,15.0,32.0,0.0,0.0,0.0,0.0,0.0,0.0,0.0,0.0,0.0,0.0,0.0,135.0,2.0,2.0,Arkansas,College Stats,5,32.0,Chicago Bears,2022.0,0.010666666666666666,0.16,0.2821333333333333,14.717866666666668,52.16635160680531,"Nov 21, 2019",GRNV,Greenvision Acquisition Corp.,10.0,8.14,0.081,Blank Check / SPAC,Blank Check / SPAC,,5,0.1388888888888889,2.0833333333333335,3.673611111111111,11.32638888888889
148,5,149,OAK,Hunter Renfrow\RenfHu00,WR,23,2021.0,0,1,0,17.0,17.0,46.0,0.0,0.0,0.0,0.0,0.0,3.0,3.0,0.0,208.0,2299.0,15.0,3.0,,,Clemson,College Stats,5,32.0,Carolina Panthers,2022.0,0.010666666666666666,0.18133333333333332,0.2821333333333333,16.717866666666666,59.25519848771267,"Apr 4, 2019",RPLA,Replay Acquisition,10.0,9.48,0.095,Blank Check / SPAC,Blank Check / SPAC,,5,0.1388888888888889,2.361111111111111,3.673611111111111,13.32638888888889
149,5,150,GNB,Kingsley Keke\KekeKi00,DT,22,2021.0,0,0,1,9.0,9.0,41.0,0.0,0.0,0.0,0.0,0.0,0.0,0.0,0.0,0.0,0.0,0.0,25.0,,6.5,Texas A&M,College Stats,5,31.0,Chicago Bears,2022.0,0.010333333333333333,0.093,0.27331666666666665,8.726683333333334,31.928837124214894,"Jul 18, 2019",OAC,Oaktree Acquisition Corp.,10.0,16.38,0.16399999999999998,Blank Check / SPAC,Blank Check / SPAC,,5,0.1388888888888889,1.25,3.673611111111111,5.326388888888889
150,5,151,MIA,Andrew Van Ginkel\VanGAn00,LB,24,2021.0,0,0,2,17.0,17.0,39.0,0.0,0.0,0.0,0.0,0.0,0.0,0.0,0.0,0.0,0.0,0.0,90.0,,10.5,Wisconsin,College Stats,5,31.0,Atlanta Falcons,2022.0,0.010333333333333333,0.17566666666666667,0.27331666666666665,16.726683333333334,61.19891456796147,"Nov 22, 2019",CHPM,CHP Merger Corp.,10.0,10.19,0.019,Financial Services,Shell Companies,United States,5,0.1388888888888889,2.361111111111111,3.673611111111111,13.32638888888889
151,5,152,ATL,Qadree Ollison\OlliQa00,RB,22,2021.0,0,0,0,1.0,1.0,19.0,0.0,0.0,0.0,0.0,0.0,44.0,158.0,5.0,5.0,19.0,0.0,4.0,,,Pittsburgh,College Stats,5,31.0,Denver Broncos,2022.0,0.010333333333333333,0.010333333333333333,0.27331666666666665,0.7266833333333333,2.6587596804683216,"Aug 8, 2019",SSPK,Silver Spike Acquisition Corp.,10.0,18.84,0.188,Blank Check / SPAC,Blank Check / SPAC,,5,0.1388888888888889,0.1388888888888889,3.673611111111111,-2.673611111111111
152,5,153,WAS,Ross Pierschbacher\PierRo00,G,24,2020.0,0,0,0,0.0,0.0,8.0,0.0,0.0,0.0,0.0,0.0,0.0,0.0,0.0,0.0,0.0,0.0,,,,Alabama,College Stats,5,30.0,Seattle Seahawks,2022.0,0.01,0.0,0.2645,-0.2645,-1.0,"Nov 22, 2019",PTAC,PropTech Acquisition Corp.,10.0,14.81,0.14800000000000002,Blank Check / SPAC,Blank Check / SPAC,,5,0.1388888888888889,0.0,3.673611111111111,-3.673611111111111
153,5,154,CAR,Jordan Scarlett\ScarJo00,RB,23,2021.0,0,0,0,0.0,0.0,10.0,0.0,0.0,0.0,0.0,0.0,4.0,9.0,0.0,0.0,0.0,0.0,1.0,,,Florida,College Stats,5,30.0,Philadelphia Eagles,2022.0,0.01,0.0,0.2645,-0.2645,-1.0,"Aug 9, 2019",THBR,Thunder Bridge Acquisition II Ltd.,10.0,10.87,0.109,Blank Check / SPAC,Blank Check / SPAC,,5,0.1388888888888889,0.0,3.673611111111111,-3.673611111111111
154,5,155,CLE,Mack Wilson\WilsMa03,LB,21,2021.0,0,0,2,13.0,13.0,43.0,0.0,0.0,0.0,0.0,0.0,0.0,0.0,0.0,0.0,0.0,0.0,107.0,1.0,1.0,Alabama,College Stats,5,29.0,Cleveland Browns,2022.0,0.009666666666666667,0.12566666666666668,0.2556833333333333,12.744316666666666,49.8441431458184,"Feb 22, 2019",ACAM.D,Acamar Partners Acquisition Corp.,10.0,12.3,0.12300000000000001,Blank Check / SPAC,Blank Check / SPAC,,5,0.1388888888888889,1.8055555555555556,3.673611111111111,9.32638888888889
155,5,156,DEN,Justin Hollins\HollJu00,LB,23,2021.0,0,0,0,4.0,1.0,39.0,0.0,0.0,0.0,0.0,0.0,0.0,0.0,0.0,0.0,0.0,0.0,44.0,,6.0,Oregon,College Stats,5,29.0,Baltimore Ravens,2022.0,0.009666666666666667,0.03866666666666667,0.2556833333333333,3.7443166666666667,14.644351737174892,"Feb 28, 2019",SHLL,Tortoise Acquisition Corp.,10.0,44.91,0.449,Blank Check / SPAC,Blank Check / SPAC,,5,0.1388888888888889,0.5555555555555556,3.673611111111111,0.32638888888888884
156,5,157,NYJ,Blake Cashman\CashBl00,LB,23,2021.0,0,0,0,4.0,4.0,14.0,0.0,0.0,0.0,0.0,0.0,0.0,0.0,0.0,0.0,0.0,0.0,34.0,,0.5,Minnesota,College Stats,5,29.0,Jacksonville Jaguars,2022.0,0.009666666666666667,0.03866666666666667,0.2556833333333333,3.7443166666666667,14.644351737174892,"Dec 13, 2019",HCCO,Healthcare Merger Corp,10.0,8.97,0.09,Blank Check / SPAC,Blank Check / SPAC,,5,0.1388888888888889,0.5555555555555556,3.673611111111111,0.32638888888888884
157,5,158,DAL,Michael Jackson\JackMi01,CB,22,2021.0,0,0,0,0.0,,4.0,0.0,0.0,0.0,0.0,0.0,0.0,0.0,0.0,0.0,0.0,0.0,2.0,,,Miami (FL),College Stats,5,28.0,Miami Dolphins,2022.0,0.009333333333333334,0.0,0.24686666666666668,-0.24686666666666668,-1.0,"Feb 28, 2019",DPHC,DiamondPeak Holdings,10.0,18.21,0.182,Blank Check / SPAC,Blank Check / SPAC,,5,0.1388888888888889,0.0,3.673611111111111,-3.673611111111111
158,5,159,NWE,Byron Cowart\CowaBy00,DT,23,2020.0,0,0,1,9.0,9.0,19.0,0.0,0.0,0.0,0.0,0.0,0.0,0.0,0.0,0.0,0.0,0.0,15.0,,1.0,Maryland,College Stats,5,28.0,Indianapolis Colts,2022.0,0.009333333333333334,0.084,0.24686666666666668,8.753133333333333,35.456926816095056,"Mar 1, 2019",HCAC,Hennessy Capital Acquisition Corp IV,10.0,19.49,0.195,Blank Check / SPAC,Blank Check / SPAC,,5,0.1388888888888889,1.25,3.673611111111111,5.326388888888889
159,5,160,BAL,Daylon Mack\MackDa00,DT,22,2019.0,0,0,0,0.0,0.0,1.0,0.0,0.0,0.0,0.0,0.0,0.0,0.0,0.0,0.0,0.0,0.0,,,,Texas A&M,College Stats,5,27.0,Los Angeles Chargers,2022.0,0.009,0.0,0.23804999999999998,-0.23804999999999998,-1.0,"Mar 5, 2019",THCB,Tuscan Holdings Corp.,10.0,10.0,0.1,,,,5,0.1388888888888889,0.0,3.673611111111111,-3.673611111111111
160,5,161,HOU,Charles Omenihu\OmenCh00,DE,22,2021.0,0,0,0,4.0,5.0,44.0,0.0,0.0,0.0,0.0,0.0,0.0,0.0,0.0,0.0,0.0,0.0,33.0,,7.0,Texas,College Stats,6,27.0,New Orleans Saints,2022.0,0.009,0.036,0.23804999999999998,3.76195,15.803192606595255,"Dec 13, 2019",OCFT,OneConnect Financial Technology Co. Ltd.,10.0,1.355,-0.865,Information Technology,Software,United States,6,0.1388888888888889,0.5555555555555556,3.673611111111111,0.32638888888888884
161,5,162,MIN,Cameron Smith\SmitCa01,LB,22,2019.0,0,0,0,0.0,0.0,5.0,0.0,0.0,0.0,0.0,0.0,0.0,0.0,0.0,0.0,0.0,0.0,4.0,,,USC,College Stats,6,27.0,Philadelphia Eagles,2022.0,0.009,0.0,0.23804999999999998,-0.23804999999999998,-1.0,"Jul 26, 2019",CCX,Churchill Capital Corp II,10.0,10.75,0.107,,,,6,0.1388888888888889,0.0,3.673611111111111,-3.673611111111111
162,5,163,NWE,Jake Bailey\BailJa00,P,22,2021.0,1,1,0,6.0,6.0,49.0,0.0,0.0,0.0,0.0,0.0,0.0,0.0,0.0,0.0,0.0,0.0,2.0,,,Stanford,College Stats,6,26.0,New York Jets,2022.0,0.008666666666666666,0.052,0.22923333333333332,5.770766666666667,25.174203867965684,"Mar 8, 2019",CRSA,Crescent Acquisition Corp.,10.0,8.81,0.08800000000000001,Blank Check / SPAC,Blank Check / SPAC,,6,0.1388888888888889,0.8333333333333334,3.673611111111111,2.326388888888889
163,5,164,IND,E.J. Speed\SpeeEJ00,LB,24,2021.0,0,0,0,3.0,3.0,44.0,0.0,0.0,0.0,0.0,0.0,0.0,0.0,0.0,0.0,0.0,0.0,34.0,,,Tarleton St.,,6,26.0,Las Vegas Raiders,2022.0,0.008666666666666666,0.026,0.22923333333333332,2.770766666666667,12.087101933982844,"Mar 15, 2019",TRNE,Trine Acquisition,10.0,24.77,0.248,Blank Check / SPAC,Blank Check / SPAC,,6,0.1388888888888889,0.4166666666666667,3.673611111111111,-0.6736111111111112
164,5,165,DAL,Joe Jackson\JackJo02,DE,22,2021.0,0,0,0,1.0,0.0,20.0,0.0,0.0,0.0,0.0,0.0,0.0,0.0,0.0,0.0,0.0,0.0,13.0,,1.5,Miami (FL),College Stats,6,25.0,Las Vegas Raiders,2022.0,0.008333333333333333,0.008333333333333333,0.22041666666666665,0.7795833333333333,3.5368620037807186,"Mar 20, 2019",INSU,Insurance Acquisition,10.0,11.66,0.11699999999999999,Blank Check / SPAC,Blank Check / SPAC,,6,0.1388888888888889,0.1388888888888889,3.673611111111111,-2.673611111111111
165,5,166,LAC,Easton Stick\SticEa00,QB,23,2020.0,0,0,0,0.0,0.0,1.0,1.0,1.0,4.0,0.0,0.0,1.0,-2.0,0.0,0.0,0.0,0.0,,,,North Dakota St.,,6,25.0,Arizona Cardinals,2022.0,0.008333333333333333,0.0,0.22041666666666665,-0.22041666666666665,-1.0,"Dec 13, 2019",CIIC,CIIG Merger,10.0,21.6,0.21600000000000003,Blank Check / SPAC,Blank Check / SPAC,,6,0.1388888888888889,0.0,3.673611111111111,-3.673611111111111
166,5,167,PHI,Clayton Thorson\ThorCl00,QB,24,,0,0,0,,,,,,,,,,,,,,,,,,Northwestern,College Stats,6,25.0,Dallas Cowboys,2022.0,0.008333333333333333,,0.22041666666666665,,,"Dec 11, 2019",LIVK,LIV Capital Acquisition Corp.,10.0,10.3,0.10300000000000001,Blank Check / SPAC,Blank Check / SPAC,,6,0.1388888888888889,,3.673611111111111,
167,5,168,TEN,D'Andre Walker\WalkDA02,LB,22,2020.0,0,0,0,0.0,,1.0,0.0,0.0,0.0,0.0,0.0,0.0,0.0,0.0,0.0,0.0,0.0,,,,Georgia,College Stats,6,24.0,Buffalo Bills,2022.0,0.008,0.0,0.2116,-0.2116,-1.0,"Mar 28, 2019",JFK,8i Enterprises Acquisition,10.0,9.0,0.09,Blank Check / SPAC,Blank Check / SPAC,,6,0.1388888888888889,0.0,3.673611111111111,-3.673611111111111
168,5,169,LAR,David Edwards\EdwaDa01,T,22,2021.0,0,0,2,21.0,21.0,49.0,0.0,0.0,0.0,0.0,0.0,0.0,0.0,0.0,0.0,0.0,0.0,1.0,,,Wisconsin,College Stats,6,24.0,Tennessee Titans,2022.0,0.008,0.168,0.2116,20.7884,98.2438563327032,"Jan 9, 2019",BCOW,"1895 Bancorp of Wisconsin, Inc.",10.0,10.878,0.08800000000000001,Financials,Thrifts & Mortgage Finance,United States,6,0.1388888888888889,2.916666666666667,3.673611111111111,17.32638888888889
169,5,170,CLE,Austin Seibert\SeibAu00,K,22,2021.0,0,0,0,4.0,3.0,27.0,0.0,0.0,0.0,0.0,0.0,0.0,0.0,0.0,0.0,0.0,0.0,,,,Oklahoma,College Stats,6,23.0,Tampa Bay Buccaneers,2022.0,0.007666666666666666,0.030666666666666665,0.20278333333333332,3.7972166666666665,18.725486972959647,"Nov 26, 2019",ALUS,Alussa Energy Acquisition Corp.,10.0,9.5,0.095,Blank Check / SPAC,Blank Check / SPAC,,6,0.1388888888888889,0.5555555555555556,3.673611111111111,0.32638888888888884
170,5,171,NYG,Darius Slayton\SlayDa01,WR,22,2021.0,0,0,2,14.0,14.0,43.0,0.0,0.0,0.0,0.0,0.0,3.0,-14.0,0.0,124.0,1830.0,13.0,3.0,,,Auburn,College Stats,6,23.0,Green Bay Packers,2022.0,0.007666666666666666,0.10733333333333332,0.20278333333333332,13.797216666666667,68.03920440535876,"Jul 31, 2019",NFIN,Netfin Acquisition,10.0,11.4,0.114,Blank Check / SPAC,Blank Check / SPAC,,6,0.1388888888888889,1.9444444444444446,3.673611111111111,10.32638888888889
171,5,172,ATL,Jordan Miller\MillJo05,CB,22,2021.0,0,0,0,1.0,1.0,12.0,0.0,0.0,0.0,0.0,0.0,0.0,0.0,0.0,0.0,0.0,0.0,4.0,,,Washington,College Stats,6,23.0,San Francisco 49ers,2022.0,0.007666666666666666,0.007666666666666666,0.20278333333333332,0.7972166666666667,3.931371743239912,"Nov 7, 2019",DFNS,LGL Systems Acquisition,10.0,13.84,0.138,Blank Check / SPAC,Blank Check / SPAC,,6,0.1388888888888889,0.1388888888888889,3.673611111111111,-2.673611111111111
172,5,173,WAS,Cole Holcomb\HolcCo00,LB,23,2021.0,0,0,3,19.0,19.0,43.0,0.0,0.0,0.0,0.0,0.0,0.0,0.0,0.0,0.0,0.0,0.0,202.0,3.0,4.5,North Carolina,College Stats,6,22.0,Carolina Panthers,2022.0,0.007333333333333333,0.13933333333333334,0.19396666666666665,18.806033333333332,96.95497508162914,"Jun 6, 2019",GIX,"GigCapital2, Inc.",10.0,10.47,0.105,,,,6,0.1388888888888889,2.638888888888889,3.673611111111111,15.32638888888889
173,6,174,ARI,KeeSean Johnson\JohnKe07,WR,22,2021.0,0,0,0,4.0,4.0,18.0,0.0,0.0,0.0,0.0,0.0,1.0,3.0,0.0,36.0,360.0,1.0,,,,Fresno St.,College Stats,6,22.0,Cincinnati Bengals,2022.0,0.007333333333333333,0.029333333333333333,0.19396666666666665,3.806033333333333,19.622100017185083,"Feb 1, 2019",GMHI,Gores Metropoulos,10.0,18.0,0.18,Blank Check / SPAC,Blank Check / SPAC,,6,0.1388888888888889,0.5555555555555556,3.673611111111111,0.32638888888888884
174,6,175,PIT,Sutton Smith\SmitSu00,DE,23,2021.0,0,0,0,0.0,,8.0,0.0,0.0,0.0,0.0,0.0,0.0,0.0,0.0,0.0,0.0,0.0,1.0,,,Northern Illinois,College Stats,6,21.0,Los Angeles Rams,2022.0,0.007,0.0,0.18515,-0.18515,-1.0,"Jul 12, 2019",PIC,Pivotal Investment Corporation II,10.0,19.54,0.195,,,,6,0.1388888888888889,0.0,3.673611111111111,-3.673611111111111
175,6,176,SFO,Kaden Smith\SmitKa00,TE,22,2021.0,0,0,1,3.0,,33.0,0.0,0.0,0.0,0.0,0.0,0.0,0.0,0.0,52.0,413.0,3.0,2.0,,,Stanford,College Stats,6,21.0,Dallas Cowboys,2022.0,0.007,0.021,0.18515,2.81485,15.203078584931136,"Oct 18, 2019",LATN,Union Acquisition Corp. II,10.0,9.86,0.099,Blank Check / SPAC,Blank Check / SPAC,,6,0.1388888888888889,0.4166666666666667,3.673611111111111,-0.6736111111111112
176,6,177,NOR,Saquan Hampton\HampSa00,S,23,2020.0,0,0,0,0.0,0.0,6.0,0.0,0.0,0.0,0.0,0.0,0.0,0.0,0.0,0.0,0.0,0.0,1.0,,,Rutgers,College Stats,6,21.0,Detroit Lions,2022.0,0.007,0.0,0.18515,-0.18515,-1.0,"Oct 18, 2019",GLEO,Galileo Acquisition Corp.,10.0,8.54,0.085,Blank Check / SPAC,Blank Check / SPAC,,6,0.1388888888888889,0.0,3.673611111111111,-3.673611111111111
177,6,178,JAX,Gardner Minshew II\MinsGa00,QB,23,2021.0,0,0,2,18.0,17.0,27.0,542.0,857.0,5969.0,41.0,12.0,105.0,518.0,1.0,1.0,0.0,0.0,,,,Washington St.,College Stats,6,20.0,Dallas Cowboys,2022.0,0.006666666666666667,0.12000000000000001,0.17633333333333334,17.823666666666668,101.07939508506617,"May 21, 2019",GXGX,GX Acquisition Corp.,10.0,10.2,0.102,Blank Check / SPAC,Blank Check / SPAC,,6,0.1388888888888889,2.5,3.673611111111111,14.32638888888889
178,6,179,ARI,Lamont Gaillard\GailLa00,C,23,2020.0,0,0,0,2.0,2.0,13.0,0.0,0.0,0.0,0.0,0.0,0.0,0.0,0.0,0.0,0.0,0.0,,,,Georgia,College Stats,6,20.0,Indianapolis Colts,2022.0,0.006666666666666667,0.013333333333333334,0.17633333333333334,1.8236666666666665,10.342155009451794,"May 23, 2019",IDYA,"IDEAYA Biosciences, Inc.",10.0,10.72,0.07200000000000001,Health Care,Biotechnology,United States,6,0.1388888888888889,0.2777777777777778,3.673611111111111,-1.6736111111111112
179,6,180,NYG,Corey Ballentine\BallCo00,CB,23,2021.0,0,0,0,2.0,2.0,32.0,0.0,0.0,0.0,0.0,0.0,0.0,0.0,0.0,0.0,0.0,0.0,38.0,,,Washburn,,6,19.0,Jacksonville Jaguars,2022.0,0.006333333333333333,0.012666666666666666,0.16751666666666665,1.8324833333333332,10.93911053626505,"Jun 7, 2019",HYAC.D,Haymaker Acquisition Corp. II,10.0,9.52,0.095,Blank Check / SPAC,Blank Check / SPAC,,6,0.1388888888888889,0.2777777777777778,3.673611111111111,-1.6736111111111112
180,6,181,BUF,Jaquan Johnson\JohnJa11,CB,23,2021.0,0,0,0,3.0,3.0,44.0,1.0,1.0,13.0,0.0,0.0,0.0,0.0,0.0,0.0,0.0,0.0,18.0,1.0,,Miami (FL),College Stats,6,19.0,Detroit Lions,2022.0,0.006333333333333333,0.019,0.16751666666666665,2.8324833333333332,16.908665804397575,"May 14, 2019",AGBA,AGBA Acquisition Limited,10.0,11.26,0.126,Blank Check / SPAC,Blank Check / SPAC,Hong Kong,6,0.1388888888888889,0.4166666666666667,3.673611111111111,-0.6736111111111112
181,6,182,CIN,Trayveon Williams\WillTr06,RB,21,2021.0,0,0,0,1.0,1.0,26.0,0.0,0.0,0.0,0.0,0.0,41.0,208.0,0.0,6.0,34.0,0.0,1.0,,,Texas A&M,College Stats,6,19.0,New York Giants,2022.0,0.006333333333333333,0.006333333333333333,0.16751666666666665,0.8324833333333334,4.969555268132525,"Jun 12, 2019",MWK,"Mohawk Group Holdings, Inc.",10.0,23.7,0.237,,,,6,0.1388888888888889,0.1388888888888889,3.673611111111111,-2.673611111111111
182,6,183,SFO,Justin Skule\SkulJu00,T,22,2020.0,0,0,1,8.0,8.0,31.0,0.0,0.0,0.0,0.0,0.0,0.0,0.0,0.0,0.0,0.0,0.0,,,,Vanderbilt,College Stats,6,18.0,Houston Texans,2022.0,0.006,0.048,0.1587,7.8413,49.40957781978576,"Jun 20, 2019",SMMC,South Mountain Merger Corp.,10.0,16.8,0.168,,,,6,0.1388888888888889,1.1111111111111112,3.673611111111111,4.326388888888889
183,6,184,DET,Travis Fulgham\FulgTr00,WR,23,2021.0,0,0,1,4.0,0.0,17.0,0.0,0.0,0.0,0.0,0.0,0.0,0.0,0.0,38.0,539.0,4.0,,,,Old Dominion,College Stats,6,18.0,Minnesota Vikings,2022.0,0.006,0.024,0.1587,3.8413,24.204788909892876,"Sep 17, 2019",APXT,Apex Technology Acquisition Corp.,10.0,12.11,0.121,Blank Check / SPAC,Blank Check / SPAC,,6,0.1388888888888889,0.5555555555555556,3.673611111111111,0.32638888888888884
184,6,185,GNB,Ka'dar Hollman\HollKa00,CB,24,2020.0,0,0,0,1.0,1.0,18.0,0.0,0.0,0.0,0.0,0.0,0.0,0.0,0.0,0.0,0.0,0.0,7.0,,,Toledo,College Stats,6,17.0,Buffalo Bills,2022.0,0.005666666666666667,0.005666666666666667,0.14988333333333334,0.8501166666666666,5.6718558879128205,"Sep 13, 2019",EXPC,Experience Investment Corp.,10.0,8.7,0.087,,,,6,0.1388888888888889,0.1388888888888889,3.673611111111111,-2.673611111111111
185,6,186,DET,Ty Johnson\JohnTy02,RB,21,2021.0,0,0,0,8.0,2.0,45.0,0.0,0.0,0.0,0.0,0.0,178.0,765.0,3.0,74.0,580.0,3.0,6.0,,,Maryland,College Stats,6,17.0,Chicago Bears,2022.0,0.005666666666666667,0.04533333333333334,0.14988333333333334,7.850116666666667,52.374847103302564,"Sep 9, 2019",NPA,New Providence Acquisition Corp.,10.0,11.6,0.11599999999999999,Blank Check / SPAC,Blank Check / SPAC,,6,0.1388888888888889,1.1111111111111112,3.673611111111111,4.326388888888889
186,6,187,DEN,Juwann Winfree\WinfJu00,WR,23,2021.0,0,0,0,1.0,0.0,12.0,0.0,0.0,0.0,0.0,0.0,0.0,0.0,0.0,8.0,58.0,0.0,,,,Colorado,College Stats,6,17.0,San Francisco 49ers,2022.0,0.005666666666666667,0.005666666666666667,0.14988333333333334,0.8501166666666666,5.6718558879128205,"Feb 4, 2019",IPV,InterPrivate Acquisition,10.0,13.04,0.13,Blank Check / SPAC,Blank Check / SPAC,,6,0.1388888888888889,0.1388888888888889,3.673611111111111,-2.673611111111111
187,6,188,TEN,David Long\LongDa04,LB,22,2021.0,0,0,0,9.0,9.0,38.0,0.0,0.0,0.0,0.0,0.0,0.0,0.0,0.0,0.0,0.0,0.0,85.0,2.0,,West Virginia,College Stats,6,16.0,Jacksonville Jaguars,2022.0,0.005333333333333333,0.048,0.14106666666666665,8.858933333333333,62.79962192816636,"May 14, 2019",APLT,"Applied Therapeutics, Inc.",10.0,2.06,-0.794,Health Care,Biotechnology,United States,6,0.1388888888888889,1.25,3.673611111111111,5.326388888888889
188,6,189,CLE,Drew Forbes\ForbDr00,T,22,2021.0,0,0,0,0.0,0.0,3.0,0.0,0.0,0.0,0.0,0.0,0.0,0.0,0.0,0.0,0.0,0.0,,,,SE Missouri St.,,6,16.0,Washington Commanders,2022.0,0.005333333333333333,0.0,0.14106666666666665,-0.14106666666666665,-1.0,"Aug 2, 2019",ORSN,Orisun Acquisition,10.0,8.17,0.08199999999999999,Blank Check / SPAC,Blank Check / SPAC,,6,0.1388888888888889,0.0,3.673611111111111,-3.673611111111111
189,6,190,MIN,Armon Watts\WattAr01,DT,23,2021.0,0,0,0,7.0,7.0,40.0,0.0,0.0,0.0,0.0,0.0,0.0,0.0,0.0,0.0,0.0,0.0,39.0,,7.0,Arkansas,College Stats,6,15.0,Atlanta Falcons,2022.0,0.005,0.035,0.13225,6.86775,51.93005671077505,"Nov 1, 2019",SFTW,Osprey Technology Acquisition Corp.,10.0,11.41,0.114,Blank Check / SPAC,Blank Check / SPAC,,6,0.1388888888888889,0.9722222222222223,3.673611111111111,3.326388888888889
190,6,191,MIN,Marcus Epps\EppsMa00,S,23,2021.0,0,0,0,5.0,0.0,45.0,0.0,0.0,0.0,0.0,0.0,0.0,0.0,0.0,0.0,0.0,0.0,79.0,3.0,,Wyoming,College Stats,6,15.0,Baltimore Ravens,2022.0,0.005,0.025,0.13225,4.86775,36.80718336483932,"Nov 1, 2019",FSRV,Finserv Acquisition Corp,10.0,14.52,0.145,Blank Check / SPAC,Blank Check / SPAC,,6,0.1388888888888889,0.6944444444444444,3.673611111111111,1.3263888888888888
191,6,192,PIT,Isaiah Buggs\BuggIs00,DT,23,2021.0,0,0,0,5.0,5.0,29.0,0.0,0.0,0.0,0.0,0.0,0.0,0.0,0.0,0.0,0.0,0.0,14.0,,,Alabama,College Stats,6,15.0,Minnesota Vikings,2022.0,0.005,0.025,0.13225,4.86775,36.80718336483932,"Feb 7, 2019",MNCL,Monocle Acquisition Corporation,10.0,12.2,0.122,Blank Check / SPAC,Blank Check / SPAC,,6,0.1388888888888889,0.6944444444444444,3.673611111111111,1.3263888888888888
192,6,193,MIN,Oli Udoh\UdohOl01,T,22,2021.0,0,0,1,7.0,7.0,24.0,0.0,0.0,0.0,0.0,0.0,0.0,0.0,0.0,0.0,0.0,0.0,,,,Elon,,7,14.0,Cleveland Browns,2022.0,0.004666666666666667,0.03266666666666667,0.12343333333333334,6.876566666666666,55.71077504725897,"Nov 5, 2019",MCMJ,Merida Merger Corp. I,10.0,6.53,-0.34700000000000003,Financial Services,Shell Companies,United States,7,0.1388888888888889,0.9722222222222223,3.673611111111111,3.326388888888889
193,6,194,GNB,Dexter Williams\WillDe07,RB,22,2020.0,0,0,0,0.0,0.0,7.0,0.0,0.0,0.0,0.0,0.0,7.0,19.0,0.0,0.0,0.0,0.0,,,,Notre Dame,College Stats,7,14.0,Philadelphia Eagles,2022.0,0.004666666666666667,0.0,0.12343333333333334,-0.12343333333333334,-1.0,"Jul 12, 2019",SCPE,SC Health Corporation,10.0,15.84,0.158,,,,7,0.1388888888888889,0.0,3.673611111111111,-3.673611111111111
194,6,195,HOU,Xavier Crawford\CrawXa00,CB,23,2021.0,0,0,0,1.0,0.0,21.0,0.0,0.0,0.0,0.0,0.0,0.0,0.0,0.0,0.0,0.0,0.0,14.0,,,Central Michigan,College Stats,7,13.0,Los Angeles Chargers,2022.0,0.004333333333333333,0.004333333333333333,0.11461666666666666,0.8853833333333333,7.724734622655228,"May 6, 2019",TBBA,"TEB Bancorp, Inc.",10.0,9.26,-0.07400000000000001,Financial Services,Banks-Regional,United States,7,0.1388888888888889,0.1388888888888889,3.673611111111111,-2.673611111111111
195,6,196,NYJ,Blessuan Austin\AustBl00,CB,23,2021.0,0,0,1,6.0,5.0,29.0,0.0,0.0,0.0,0.0,0.0,0.0,0.0,0.0,0.0,0.0,0.0,77.0,,,Rutgers,College Stats,7,13.0,Baltimore Ravens,2022.0,0.004333333333333333,0.026,0.11461666666666666,5.885383333333333,51.34840773593137,"May 7, 2019",LCA.D,"Landcadia Holdings II, Inc.",10.0,25.49,0.255,Blank Check / SPAC,Blank Check / SPAC,,7,0.1388888888888889,0.8333333333333334,3.673611111111111,2.326388888888889
196,6,197,BAL,Trace McSorley\McSoTr00,QB,24,2020.0,0,0,0,0.0,0.0,3.0,3.0,10.0,90.0,1.0,0.0,6.0,18.0,0.0,0.0,0.0,0.0,,,,Penn St.,College Stats,7,13.0,Jacksonville Jaguars,2022.0,0.004333333333333333,0.0,0.11461666666666666,-0.11461666666666666,-1.0,"May 7, 2019",TRVI,"Trevi Therapeutics, Inc.",10.0,3.315,-0.6679999999999999,Health Care,Pharmaceuticals,United States,7,0.1388888888888889,0.0,3.673611111111111,-3.673611111111111
197,6,198,SFO,Tim Harris\HarrTi01,CB,24,2021.0,0,0,0,0.0,0.0,3.0,0.0,0.0,0.0,0.0,0.0,0.0,0.0,0.0,0.0,0.0,0.0,1.0,,,Virginia,College Stats,7,12.0,Jacksonville Jaguars,2022.0,0.004,0.0,0.1058,-0.1058,-1.0,"Jul 2, 2019",RMBI,"Richmond Mutual Bancorporation, Inc.",10.0,16.36,0.636,Financials,Banks,United States,7,0.1388888888888889,0.0,3.673611111111111,-3.673611111111111
198,6,199,IND,Gerri Green\GreeGe00,DE,23,,0,0,0,,,,,,,,,,,,,,,,,,Mississippi St.,College Stats,7,12.0,Carolina Panthers,2022.0,0.004,,0.1058,,,"Jul 25, 2019",FLLC,"Fellazo, Inc.",10.0,10.0,0.1,,,,7,0.1388888888888889,,3.673611111111111,
199,6,200,LAC,Emeke Egbule\EgbuEm00,LB,22,2021.0,0,0,0,2.0,2.0,32.0,0.0,0.0,0.0,0.0,0.0,0.0,0.0,0.0,0.0,0.0,0.0,9.0,,,Houston,College Stats,7,11.0,New England Patriots,2022.0,0.0036666666666666666,0.007333333333333333,0.09698333333333332,1.9030166666666666,19.622100017185083,"Jul 12, 2019",THCA,Tuscan Holdings Corp. II,10.0,10.8,0.08,Financial Services,Shell Companies,United States,7,0.1388888888888889,0.2777777777777778,3.673611111111111,-1.6736111111111112
200,6,201,KAN,Rashad Fenton\FentRa00,CB,22,2021.0,0,0,0,6.0,6.0,42.0,0.0,0.0,0.0,0.0,0.0,0.0,0.0,0.0,0.0,0.0,0.0,77.0,2.0,,South Carolina,College Stats,7,11.0,Arizona Cardinals,2022.0,0.0036666666666666666,0.022,0.09698333333333332,5.903016666666667,60.86630005155526,"Aug 15, 2019",JFU,9F Inc.,9.5,0.82,-0.914,Communication Services,Interactive Media & Services,China,7,0.13194444444444445,0.7916666666666667,3.4899305555555555,2.5100694444444445
201,6,202,MIA,Isaiah Prince\PrinIs00,T,22,2021.0,0,0,0,4.0,1.0,19.0,0.0,0.0,0.0,0.0,0.0,0.0,0.0,0.0,0.0,0.0,0.0,,,,Ohio St.,College Stats,7,11.0,Dallas Cowboys,2022.0,0.0036666666666666666,0.014666666666666666,0.09698333333333332,3.903016666666667,40.244200034370174,"Jun 26, 2019",LINX,Linx S.A.,9.4,7.5,0.075,,,,7,0.13055555555555556,0.5222222222222223,3.4531944444444447,0.5468055555555553
202,6,203,ATL,Marcus Green\GreeMa02,WR,23,,0,0,0,,,,,,,,,,,,,,,,,,La-Monroe,College Stats,7,10.0,Buffalo Bills,2022.0,0.0033333333333333335,,0.08816666666666667,,,"Jul 31, 2019",BORR,Borr Drilling Limited,9.3,3.92,-0.579,Energy,Oil & Gas Drilling,Bermuda,7,0.12916666666666668,,3.4164583333333334,
203,6,204,SEA,Travis Homer\HomeTr00,RB,21,2021.0,0,0,0,6.0,6.0,39.0,0.0,0.0,0.0,0.0,0.0,64.0,379.0,1.0,36.0,307.0,1.0,12.0,,,Miami (FL),College Stats,7,10.0,Tennessee Titans,2022.0,0.0033333333333333335,0.02,0.08816666666666667,5.911833333333333,67.05293005671076,"Nov 21, 2019",CAN,Canaan Inc.,9.0,3.93,-0.563,Information Technology,"Technology Hardware, Storage & Peripherals",United States,7,0.125,0.75,3.30625,2.69375
204,6,205,CHI,Duke Shelley\ShelDu00,CB,22,2021.0,0,0,0,3.0,3.0,30.0,0.0,0.0,0.0,0.0,0.0,0.0,0.0,0.0,0.0,0.0,0.0,39.0,,,Kansas St.,College Stats,7,9.0,Green Bay Packers,2022.0,0.003,0.009000000000000001,0.07935,2.92065,36.80718336483932,"Jul 26, 2019",VIST,Vista Oil & Gas SAB de CV,9.0,8.705,-0.033,Energy,"Oil, Gas & Consumable Fuels",Mexico,7,0.125,0.375,3.30625,-0.3062499999999999
205,6,206,WAS,Kelvin Harmon\HarmKe00,WR,22,2019.0,0,0,1,3.0,3.0,16.0,1.0,1.0,11.0,0.0,0.0,0.0,0.0,0.0,30.0,365.0,0.0,2.0,,,North Carolina St.,College Stats,7,9.0,Philadelphia Eagles,2022.0,0.003,0.009000000000000001,0.07935,2.92065,36.80718336483932,"Aug 5, 2019",AMTD,"AMTD International, Inc.",8.38,2.32,-0.723,Financial Services,Capital Markets,Hong Kong,7,0.1163888888888889,0.34916666666666674,3.0784861111111113,-0.07848611111111126
206,6,207,PIT,Ulysees Gilbert\GilbUl00,LB,22,2021.0,0,0,0,2.0,2.0,28.0,0.0,0.0,0.0,0.0,0.0,0.0,0.0,0.0,0.0,0.0,0.0,17.0,,,Akron,College Stats,7,9.0,Houston Texans,2022.0,0.003,0.006,0.07935,1.92065,24.204788909892876,"Mar 20, 2019",TIGR,UP Fintech Holding Ltd.,8.0,4.12,-0.485,Financials,Capital Markets,China,7,0.1111111111111111,0.2222222222222222,2.9388888888888887,-0.9388888888888887
207,6,208,TAM,Scott Miller\MillSc01,WR,22,2021.0,0,0,1,8.0,8.0,35.0,0.0,0.0,0.0,0.0,0.0,7.0,73.0,1.0,51.0,739.0,4.0,2.0,,,Bowling Green,College Stats,7,8.0,Kansas City Chiefs,2022.0,0.0026666666666666666,0.021333333333333333,0.07053333333333332,7.929466666666666,112.42155009451797,"Feb 4, 2019",INMB,Inmune Bio Inc.,8.0,6.905,-0.13699999999999998,Health Care,Biotechnology,United States,7,0.1111111111111111,0.8888888888888888,2.9388888888888887,5.061111111111112
208,6,209,SEA,Demarcus Christmas\ChriDe01,DT,24,,0,0,0,,,,,,,,,,,,,,,,,,Florida St.,College Stats,7,8.0,Cincinnati Bengals,2022.0,0.0026666666666666666,,0.07053333333333332,,,"Dec 19, 2019",MNPR,"Monopar Therapeutics, Inc.",8.0,2.39,-0.701,Health Care,Biotechnology,United States,7,0.1111111111111111,,2.9388888888888887,
209,6,210,CIN,Deshaun Davis\DaviDe01,LB,23,,0,0,0,,,,,,,,,,,,,,,,,,Auburn,College Stats,7,7.0,New England Patriots,2022.0,0.0023333333333333335,,0.06171666666666667,,,"Jul 26, 2019",WSG,Wanda Sports Group Co. Ltd.,8.0,2.495,0.025,,,,7,0.1111111111111111,,2.9388888888888887,
210,6,211,CIN,Rodney Anderson\AndeRo02,RB,22,,0,0,0,,,,,,,,,,,,,,,,,,Oklahoma,College Stats,7,7.0,Los Angeles Rams,2022.0,0.0023333333333333335,,0.06171666666666667,,,"Mar 29, 2019",PUYI,Puyi Inc.,6.0,5.48,-0.087,Financials,Capital Markets,United States,7,0.08333333333333333,,2.2041666666666666,
211,6,212,CAR,Dennis Daley\DaleDe00,T,23,2021.0,0,0,1,9.0,9.0,34.0,0.0,0.0,0.0,0.0,0.0,0.0,0.0,0.0,0.0,0.0,0.0,,,,South Carolina,College Stats,7,7.0,Los Angeles Rams,2022.0,0.0023333333333333335,0.021,0.06171666666666667,8.938283333333333,144.82770726438022,"Feb 15, 2019",HOTH,"Hoth Therapeutics, Inc.",5.6,0.623,-0.889,Health Care,Pharmaceuticals,United States,7,0.07777777777777778,0.7,2.0572222222222223,6.942777777777778
212,6,213,DAL,Donovan Wilson\WilsDo01,S,24,2021.0,0,0,1,6.0,6.0,34.0,0.0,0.0,0.0,0.0,0.0,0.0,0.0,0.0,0.0,0.0,0.0,66.0,2.0,3.5,Texas A&M,College Stats,7,6.0,Atlanta Falcons,2022.0,0.002,0.012,0.0529,5.9471,112.42155009451795,"Oct 17, 2019",IPHA,Innate Pharma S.A.,5.5,3.01,-0.45299999999999996,Health Care,Biotechnology,France,7,0.0763888888888889,0.45833333333333337,2.0204861111111114,3.9795138888888886
213,6,214,KAN,Darwin Thompson\ThomDa06,RB,22,2020.0,0,0,0,2.0,2.0,26.0,0.0,0.0,0.0,0.0,0.0,64.0,225.0,2.0,16.0,108.0,1.0,3.0,,,Utah St.,College Stats,7,6.0,Los Angeles Chargers,2022.0,0.002,0.004,0.0529,1.9471,36.80718336483932,"Oct 25, 2019",HAPP,Happiness Biotech Group Ltd.,5.5,0.28600000000000003,-0.948,Consumer Staples,Personal Products,China,7,0.0763888888888889,0.1527777777777778,2.0204861111111114,-0.020486111111111427
214,7,215,TAM,Terry Beckner\BeckTe00,DT,22,,0,0,0,,,,,,,,,,,,,,,,,,Missouri,College Stats,7,5.0,Arizona Cardinals,2022.0,0.0016666666666666668,,0.044083333333333335,,,"Dec 30, 2019",MKD,Molecular Data Inc.,5.38,0.134,-0.975,Basic Materials,Chemicals,United States,7,0.07472222222222222,,1.9764027777777775,
215,7,216,KAN,Nick Allegretti\AlleNi00,G,23,2021.0,0,0,1,7.0,7.0,40.0,0.0,0.0,0.0,0.0,0.0,0.0,0.0,0.0,0.0,0.0,0.0,,,,Illinois,College Stats,7,5.0,Indianapolis Colts,2022.0,0.0016666666666666668,0.011666666666666667,0.044083333333333335,6.955916666666667,157.79017013232513,"Feb 13, 2019",IMAC,"IMAC Holdings, Inc.",5.125,0.8,-0.8440000000000001,Health Care,Health Care Providers & Services,United States,7,0.07118055555555555,0.49826388888888884,1.8827256944444444,5.117274305555556
216,7,217,MIN,Kris Boyd\BoydKr00,CB,22,2021.0,0,0,0,5.0,5.0,41.0,0.0,0.0,0.0,0.0,0.0,0.0,0.0,0.0,0.0,0.0,0.0,65.0,,,Texas,College Stats,7,5.0,Detroit Lions,2022.0,0.0016666666666666668,0.008333333333333333,0.044083333333333335,4.955916666666667,112.42155009451795,"Feb 19, 2019",SOLY,"Soliton, Inc.",5.0,22.58,3.516,Health Care,Health Care Equipment & Supplies,United States,7,0.06944444444444445,0.3472222222222222,1.8368055555555556,3.1631944444444446
217,7,218,DAL,Mike Weber\WebeMi00,RB,22,,0,0,0,,,,,,,,,,,,,,,,,,Ohio St.,College Stats,7,4.0,Los Angeles Rams,2022.0,0.0013333333333333333,,0.03526666666666666,,,"Apr 2, 2019",PBTS,Powerbridge Technologies Co. Ltd.,5.0,0.317,-0.937,Information Technology,Software,United States,7,0.06944444444444445,,1.8368055555555556,
218,7,219,PIT,Derwin Gray\GrayDe01,T,24,2020.0,0,0,0,0.0,0.0,5.0,0.0,0.0,0.0,0.0,0.0,0.0,0.0,0.0,0.0,0.0,0.0,,,,Maryland,College Stats,7,4.0,Tennessee Titans,2022.0,0.0013333333333333333,0.0,0.03526666666666666,-0.03526666666666666,-1.0,"Apr 30, 2019",WAFU,Wah Fu Education Group Limited,5.0,2.77,-0.446,Consumer Discretionary,Diversified Consumer Services,United States,7,0.06944444444444445,0.0,1.8368055555555556,-1.8368055555555556
219,7,220,HOU,Cullen Gillaspia\GillCu00,RB,24,2021.0,0,0,0,0.0,0.0,38.0,0.0,0.0,0.0,0.0,0.0,0.0,0.0,0.0,1.0,6.0,0.0,5.0,,,Texas A&M,College Stats,7,3.0,San Francisco 49ers,2022.0,0.001,0.0,0.02645,-0.02645,-1.0,"May 3, 2019",ATIF,ATIF Holdings Limited,5.0,3.57,-0.28600000000000003,Industrials,Professional Services,United States,7,0.06944444444444445,0.0,1.8368055555555556,-1.8368055555555556
220,7,221,CLE,Donnie Lewis Jr.\LewiDo00,CB,23,,0,0,0,,,,,,,,,,,,,,,,,,Tulane,College Stats,7,3.0,San Francisco 49ers,2022.0,0.001,,0.02645,,,"Aug 14, 2019",BTOG,"China Xiangtai Food Co., Ltd.",5.0,1.0090000000000001,-0.7979999999999999,Consumer Defensive,Packaged Foods,China,7,0.06944444444444445,,1.8368055555555556,
221,7,222,CHI,Kerrith Whyte Jr\WhytKe00,RB,22,2019.0,0,0,0,1.0,,6.0,0.0,0.0,0.0,0.0,0.0,24.0,122.0,0.0,1.0,9.0,0.0,,,,Florida Atlantic,College Stats,7,3.0,Jacksonville Jaguars,2022.0,0.001,0.001,0.02645,0.97355,36.80718336483932,"Oct 25, 2019",TFFP,"TFF Pharmaceuticals, Inc.",5.0,5.49,0.098,Health Care,Pharmaceuticals,United States,7,0.06944444444444445,0.06944444444444445,1.8368055555555556,-0.8368055555555556
222,7,223,CIN,Jordan Brown\BrowJo04,CB,23,,0,0,0,,,,,,,,,,,,,,,,,,South Dakota St.,,7,2.0,Cleveland Browns,2022.0,0.0006666666666666666,,0.01763333333333333,,,"Dec 5, 2019",LMPX,"LMP Automotive Holdings, Inc.",5.0,3.85,-0.23,Consumer Discretionary,Specialty Retail,United States,7,0.06944444444444445,,1.8368055555555556,
223,7,224,DET,Isaac Nauta\NautIs00,TE,22,2020.0,0,0,0,0.0,0.0,13.0,0.0,0.0,0.0,0.0,0.0,0.0,0.0,0.0,3.0,16.0,0.0,,,,Georgia,College Stats,7,2.0,New York Giants,2022.0,0.0006666666666666666,0.0,0.01763333333333333,-0.01763333333333333,-1.0,"Jan 8, 2019",MDJH,MDJM Ltd.,5.0,2.09,-0.5820000000000001,Real Estate,Real Estate Management & Development,United States,7,0.06944444444444445,0.0,1.8368055555555556,-1.8368055555555556
224,7,225,BUF,Darryl Johnson\JohnDa10,DE,22,2021.0,0,0,0,3.0,3.0,34.0,0.0,0.0,0.0,0.0,0.0,0.0,0.0,0.0,0.0,0.0,0.0,21.0,,2.0,North Carolina A&T,,,,,,,,,,,"Feb 15, 2019",AREC,American Resources Corporation,4.0,1.92,-0.52,Energy,"Oil, Gas & Consumable Fuels",United States,8,0.05555555555555555,0.16666666666666666,1.4694444444444443,1.5305555555555557
